Account,Account Description,Account Group,Account SubGroup,Level 1 Account Description,Level 2 Account Description,Level 3 Account Description,Level 4 Account Description,Leaf Account,Major Category,Sub Category,Parent Account
A16315,Minor Software - Internal,,Others,TOTAL ASSETS,TOTAL FIXED ASSETS,TOTAL FIXED ASSETS - FURNITURE AND EQUIPMENT,Minor Software - Internal,1,TOTAL NON-COMPENSATION,OTHERS,A16300
A21010,Accounts Payable,,Others,TOTAL LIABILITIES,TOTAL ACCOUNTS PAYABLE,Accounts Payable,,1,TOTAL NON-COMPENSATION,OTHERS,A21000
A34500,UNASSIGNED FUND BALANCE,,Others,EQUITY AND OTHER CREDITS,UNASSIGNED FUND BALANCE,,,0,TOTAL NON-COMPENSATION,OTHERS,A30000
A45155,Proceeds From Sale Of Land,Revenue,Local,TOTAL REVENUES,LOCAL SOURCES - REVENUE,TOTAL OTHER,Proceeds From Sale Of Land,1,TOTAL NON-COMPENSATION,OTHERS,A45100
A45160,Revenue - Virtual Pre-K Vidoe Kits,Revenue,Local,TOTAL REVENUES,LOCAL SOURCES - REVENUE,TOTAL OTHER,Revenue - Virtual Pre-K Vidoe Kits,1,TOTAL NON-COMPENSATION,OTHERS,A45100
A44852,Title I - Neglected ARRA,Revenue,Federal,TOTAL REVENUES,TOTAL FEDERAL REVENUES,Title I - Neglected ARRA,,1,TOTAL NON-COMPENSATION,OTHERS,A44000
A44870,Other ARRA Funds,Revenue,Federal,TOTAL REVENUES,TOTAL FEDERAL REVENUES,Other ARRA Funds,,1,TOTAL NON-COMPENSATION,OTHERS,A44000
A25510,PBC Payable - Current Portion - GASB 34,,Others,TOTAL LIABILITIES,MISCELLANEOUS OTHER LIABILITIES,DUE WITHIN ONE YEAR - GASB 34,PBC Payable - Current Portion - GASB 34,1,TOTAL NON-COMPENSATION,OTHERS,A25500
A43100,Special Ed. - Private Facility Tuition,Revenue,State,TOTAL REVENUES,TOTAL STATE REVENUES,Special Ed. - Private Facility Tuition,,1,TOTAL NON-COMPENSATION,OTHERS,A43000
A43225,Vocational Ed. - W.E.C.E.P.,Revenue,State,TOTAL REVENUES,TOTAL STATE REVENUES,Vocational Ed. - W.E.C.E.P.,,1,TOTAL NON-COMPENSATION,OTHERS,A43000
A28014,Accrued ESP Termination Payout of Sick & Vacation,,Others,TOTAL LIABILITIES,MISCELLANEOUS OTHER LIABILITIES,TOTAL OTHER LONG TERM OBLIGATIONS,Accrued ESP Termination Payout of Sick & Vacation,1,TOTAL NON-COMPENSATION,OTHERS,A28000
A21140,403(B) Deferred Savings Plan,,Others,TOTAL LIABILITIES,TOTAL ACCOUNTS PAYABLE,403(B) Deferred Savings Plan,,1,TOTAL NON-COMPENSATION,OTHERS,A21000
A21242,Clearing - Unearned Salary,,Others,TOTAL LIABILITIES,TOTAL ACCOUNTS PAYABLE,Clearing - Unearned Salary,,1,TOTAL NON-COMPENSATION,OTHERS,A21000
A13300,TOTAL ACCOUNTS RECEIVABLE - STATE AID,,Others,TOTAL ASSETS,TOTAL ACCOUNTS RECEIVABLE,TOTAL ACCOUNTS RECEIVABLE - STATE AID,,0,TOTAL NON-COMPENSATION,OTHERS,A13000
A13400,TOTAL ACCOUNTS RECEIVABLE - FEDERAL AID,,Others,TOTAL ASSETS,TOTAL ACCOUNTS RECEIVABLE,TOTAL ACCOUNTS RECEIVABLE - FEDERAL AID,,0,TOTAL NON-COMPENSATION,OTHERS,A13000
A13405,Accounts Receivable - Federal Aid,,Others,TOTAL ASSETS,TOTAL ACCOUNTS RECEIVABLE,TOTAL ACCOUNTS RECEIVABLE - FEDERAL AID,Accounts Receivable - Federal Aid,1,TOTAL NON-COMPENSATION,OTHERS,A13400
A33020,Restricted for Debt Service,,Others,EQUITY AND OTHER CREDITS,FUND BALANCES,RESERVED FUND BALANCES,TOTAL RESERVED FOR DEBT SERVICES,1,TOTAL NON-COMPENSATION,OTHERS,A32500
A21250,Unclaimed Warrants Payable,,Others,TOTAL LIABILITIES,TOTAL ACCOUNTS PAYABLE,Unclaimed Warrants Payable,,1,TOTAL NON-COMPENSATION,OTHERS,A21000
A47210,Proceeds From Sale Of Bonds,Revenue,Other Financing Sources,,TOTAL PROCEEDS FROM SALE OF BONDS,Proceeds From Sale Of Bonds,,1,TOTAL NON-COMPENSATION,OTHERS,A47200
A47300,TOTAL OPERATING TRANSFER IN OUT,Revenue,Others,,TOTAL OPERATING TRANSFER IN OUT,,,0,TOTAL NON-COMPENSATION,OTHERS,OTHER FINANCING SOURCES
A47500,TOTAL BOND DISCOUNTS,Revenue,Others,,TOTAL BOND DISCOUNTS,,,0,TOTAL NON-COMPENSATION,OTHERS,OTHER FINANCING SOURCES
A28028,Swaption Borrowing Payable,,Others,TOTAL LIABILITIES,MISCELLANEOUS OTHER LIABILITIES,TOTAL OTHER LONG TERM OBLIGATIONS,Swaption Borrowing Payable,1,TOTAL NON-COMPENSATION,OTHERS,A28000
A13540,A/R Allowance,,Others,TOTAL ASSETS,TOTAL ACCOUNTS RECEIVABLE,TOTAL ACCOUNTS RECEIVABLE - OTHERS,A/R Allowance,1,TOTAL NON-COMPENSATION,OTHERS,A13500
A14040,Inventory - Donated Food,,Others,TOTAL ASSETS,TOTAL INVENTORIES,Inventory - Donated Food,,1,TOTAL NON-COMPENSATION,OTHERS,A14000
A15025,Clearing - Swap Amount,,Others,TOTAL ASSETS,TOTAL OTHER ASSETS,Clearing - Swap Amount,,1,TOTAL NON-COMPENSATION,OTHERS,A15000
A34100,NONSPENDABLE FUND BALANCE,,Others,EQUITY AND OTHER CREDITS,NONSPENDABLE FUND BALANCE,,,0,TOTAL NON-COMPENSATION,OTHERS,A30000
A34105,Nonspendable - Inventory,,Others,EQUITY AND OTHER CREDITS,NONSPENDABLE FUND BALANCE,Nonspendable - Inventory,,1,TOTAL NON-COMPENSATION,OTHERS,A34100
A43365,State School Breakfast Initiative,Revenue,State,TOTAL REVENUES,TOTAL STATE REVENUES,State School Breakfast Initiative,,1,TOTAL NON-COMPENSATION,OTHERS,A43000
A43780,Technology for Schools,Revenue,State,TOTAL REVENUES,TOTAL STATE REVENUES,Technology for Schools,,1,TOTAL NON-COMPENSATION,OTHERS,A43000
A43801,Illinois Arts Council Grant Revenue,Revenue,State,TOTAL REVENUES,TOTAL STATE REVENUES,Illinois Arts Council Grant Revenue,,1,TOTAL NON-COMPENSATION,OTHERS,A43000
A43950,Orphanage Regular Students,Revenue,State,TOTAL REVENUES,TOTAL STATE REVENUES,Orphanage Regular Students,,1,TOTAL NON-COMPENSATION,OTHERS,A43000
A34215,Restricted for Capital Improvement Program,,Others,EQUITY AND OTHER CREDITS,RESTRICTED FUND BALANCE,Restricted for Capital Improvement Program,,1,TOTAL NON-COMPENSATION,OTHERS,A34200
A28022,Accrued Unemployment Insurance,,Others,TOTAL LIABILITIES,MISCELLANEOUS OTHER LIABILITIES,TOTAL OTHER LONG TERM OBLIGATIONS,Accrued Unemployment Insurance,1,TOTAL NON-COMPENSATION,OTHERS,A28000
A40002,Revenue Contingency For Budgeting,Revenue,Other Financing Sources,Revenue Contingency For Budgeting,,,,1,TOTAL NON-COMPENSATION,OTHERS,All Accounts
A50500,Expenditures From GA System,Expenditures,Others,TOTAL ALL EXPENDITURES,Expenditures From GA System,,,1,TOTAL NON-COMPENSATION,OTHERS,A50000
A51190,Teacher Salaries - Salvage,Expenditures,Salary,TOTAL ALL EXPENDITURES,TOTAL TEACHER SALARIES,Teacher Salaries - Salvage,,1,TOTAL EMPLOYEE COMPENSATION,TOTAL SALARIES,A51000
A22010,Payroll Clearing - Gross Payable,,Others,TOTAL LIABILITIES,ACCRUED PAYROLL & BENEFITS,Payroll Clearing - Gross Payable,,1,TOTAL NON-COMPENSATION,OTHERS,A22000
A22335,Deferred Employer Non Fed Pension - ESP,,Others,TOTAL LIABILITIES,ACCRUED PAYROLL & BENEFITS,Deferred Employer Non Fed Pension - ESP,,1,TOTAL NON-COMPENSATION,OTHERS,A22000
A51400,Teacher Salaries - Overtime,Expenditures,Salary,TOTAL ALL EXPENDITURES,TOTAL TEACHER SALARIES,Teacher Salaries - Overtime,,1,TOTAL EMPLOYEE COMPENSATION,TOTAL SALARIES,A51000
A54510,Services - Equipment Rental,Expenditures,Contracts,TOTAL ALL EXPENDITURES,TOTAL SERVICES,TOTAL OTHER SERVICES,Services - Equipment Rental,1,TOTAL NON-COMPENSATION,TOTAL NON-PERSONNEL SERVICES,A54500
A53120,Commodities - Gas - Distribution,Expenditures,Commodities,TOTAL ALL EXPENDITURES,TOTAL COMMODITIES,TOTAL ENERGY,Commodities - Gas - Distribution,1,TOTAL NON-COMPENSATION,TOTAL COMMODITIES & UTILITIES,A53100
A53215,Commodities - Purchased Food,Expenditures,Commodities,TOTAL ALL EXPENDITURES,TOTAL COMMODITIES,TOTAL FOOD,Commodities - Purchased Food,1,TOTAL NON-COMPENSATION,TOTAL COMMODITIES & UTILITIES,A53200
A55015,Equipment Rental - GASB 87 Lease,Expenditures,Others,TOTAL ALL EXPENDITURES,TOTAL EQUIPMENT - EDUCATIONAL,Equipment Rental - GASB 87 Lease,,1,TOTAL NON-COMPENSATION,OTHERS,A55000
A56304,Capitalized Software,Expenditures,Benefits,TOTAL ALL EXPENDITURES,TOTAL BUILDINGS & SITES,TOTAL CAPITAL OUTLAY,Capitalized Software,1,TOTAL NON-COMPENSATION,EQUIPMENT,A56200
A53310,Commodities - Library Books,Expenditures,Commodities,TOTAL ALL EXPENDITURES,TOTAL COMMODITIES,TOTAL TEXTBOOKS,Commodities - Library Books,1,TOTAL NON-COMPENSATION,TOTAL COMMODITIES & UTILITIES,A53300
A53400,TOTAL SUPPLIES,Expenditures,Commodities,TOTAL ALL EXPENDITURES,TOTAL COMMODITIES,TOTAL SUPPLIES,,0,TOTAL NON-COMPENSATION,OTHERS,A53000
A57135,Pensions - Employee Teacher,Expenditures,Benefits,TOTAL ALL EXPENDITURES,TOTAL FIXED CHARGES,TOTAL TEACHERS' PENSION,Pensions - Employee Teacher,1,TOTAL EMPLOYEE COMPENSATION,TOTAL EMPLOYEE BENEFITS,A57100
A57145,Pension Fund Percentage Differential,Expenditures,Benefits,TOTAL ALL EXPENDITURES,TOTAL FIXED CHARGES,TOTAL TEACHERS' PENSION,Pension Fund Percentage Differential,1,TOTAL EMPLOYEE COMPENSATION,TOTAL EMPLOYEE BENEFITS,A57100
A54205,Travel Expense,Expenditures,Transportation,TOTAL ALL EXPENDITURES,TOTAL SERVICES,TOTAL TRANSPORTATION,Travel Expense,1,TOTAL NON-COMPENSATION,TOTAL NON-PERSONNEL SERVICES,A54200
A54225,Pupil Carfare,Expenditures,Transportation,TOTAL ALL EXPENDITURES,TOTAL SERVICES,TOTAL TRANSPORTATION,Pupil Carfare,1,TOTAL NON-COMPENSATION,TOTAL NON-PERSONNEL SERVICES,A54200
A54230,Pupil Travel,Expenditures,Transportation,TOTAL ALL EXPENDITURES,TOTAL SERVICES,TOTAL TRANSPORTATION,Pupil Travel,1,TOTAL NON-COMPENSATION,TOTAL NON-PERSONNEL SERVICES,A54200
A43990,Other Revenue from State Sources,Revenue,State,TOTAL REVENUES,TOTAL STATE REVENUES,Other Revenue from State Sources,,1,TOTAL NON-COMPENSATION,OTHERS,A43000
A44001,Federally Impacted Aid,Revenue,Federal,TOTAL REVENUES,TOTAL FEDERAL REVENUES,Federally Impacted Aid,,1,TOTAL NON-COMPENSATION,OTHERS,A44000
A57705,Services - Space Rental,Expenditures,Contracts,TOTAL ALL EXPENDITURES,TOTAL FIXED CHARGES,TOTAL RENT,Services - Space Rental,1,TOTAL NON-COMPENSATION,TOTAL OTHER CHARGES,A57700
A44210,Lunchroom Lunch Program,Revenue,Federal,TOTAL REVENUES,TOTAL FEDERAL REVENUES,Lunchroom Lunch Program,,1,TOTAL NON-COMPENSATION,OTHERS,A44000
A44226,Lunchroom Child & Adult Care Food Program,Revenue,Federal,TOTAL REVENUES,TOTAL FEDERAL REVENUES,Lunchroom Child & Adult Care Food Program,,1,TOTAL NON-COMPENSATION,OTHERS,A44000
A41110,"General Property Tax Revenue., Net.",Revenue,Local,TOTAL REVENUES,LOCAL SOURCES - REVENUE,TOTAL GENERAL PROPERTY TAXES,"General Property Tax Revenue., Net.",1,TOTAL NON-COMPENSATION,OTHERS,A41100
A41111,Intergovt. Property Taxes,Revenue,Local,TOTAL REVENUES,LOCAL SOURCES - REVENUE,TOTAL OTHER,Intergovt. Property Taxes,1,TOTAL NON-COMPENSATION,OTHERS,A45100
A57905,Employee Life Insurance,Expenditures,Benefits,TOTAL ALL EXPENDITURES,TOTAL FIXED CHARGES,TOTAL OTHER CHARGES,Employee Life Insurance,1,TOTAL EMPLOYEE COMPENSATION,TOTAL EMPLOYEE BENEFITS,A57900
A57925,Maintenance Allocation,Expenditures,Contingencies,TOTAL ALL EXPENDITURES,TOTAL FIXED CHARGES,TOTAL OTHER CHARGES,Maintenance Allocation,1,TOTAL NON-COMPENSATION,TOTAL OTHER CHARGES,A57900
A45124,Payments From Schools,Revenue,Local,TOTAL REVENUES,LOCAL SOURCES - REVENUE,TOTAL OTHER,Payments From Schools,1,TOTAL NON-COMPENSATION,OTHERS,A45100
A44400,IASA Title IV - Safe & Drug-Free Schools,Revenue,Federal,TOTAL REVENUES,TOTAL FEDERAL REVENUES,IASA Title IV - Safe & Drug-Free Schools,,1,TOTAL NON-COMPENSATION,OTHERS,A44000
A44630,IDEA Discretionary - B/ED Continuum C/A Local N.,Revenue,Federal,TOTAL REVENUES,TOTAL FEDERAL REVENUES,IDEA Discretionary - B/ED Continuum C/A Local N.,,1,TOTAL NON-COMPENSATION,OTHERS,A44000
A44720,VE Perkins - Title IIA Leadership,Revenue,Federal,TOTAL REVENUES,TOTAL FEDERAL REVENUES,VE Perkins - Title IIA Leadership,,1,TOTAL NON-COMPENSATION,OTHERS,A44000
A34415,Assigned for Appropriated Fund Balance,,Others,EQUITY AND OTHER CREDITS,ASSIGNED FUND BALANCE,Assigned for Appropriated Fund Balance,,1,TOTAL NON-COMPENSATION,OTHERS,A34400
A34420,Assigned for Educational Services,,Others,EQUITY AND OTHER CREDITS,ASSIGNED FUND BALANCE,Assigned for Educational Services,,1,TOTAL NON-COMPENSATION,OTHERS,A34400
A34505,Unassigned,,Others,EQUITY AND OTHER CREDITS,UNASSIGNED FUND BALANCE,Unassigned,,1,TOTAL NON-COMPENSATION,OTHERS,A34500
A45156,Transit TIF Surplus,Revenue,Local,TOTAL REVENUES,LOCAL SOURCES - REVENUE,TOTAL OTHER,Transit TIF Surplus,1,TOTAL NON-COMPENSATION,OTHERS,A45100
A26005,Bond Principal Payable,,Others,TOTAL LIABILITIES,MISCELLANEOUS OTHER LIABILITIES,TOTAL BOND PRINCIPAL PAYABLE,Bond Principal Payable,1,TOTAL NON-COMPENSATION,OTHERS,A26000
A44989,Federal Emergency Management - COVID,Revenue,Federal,TOTAL REVENUES,TOTAL FEDERAL REVENUES,Federal Emergency Management - COVID,,1,TOTAL NON-COMPENSATION,OTHERS,A44000
A25506,Refunder - Current Portion,,Others,TOTAL LIABILITIES,MISCELLANEOUS OTHER LIABILITIES,DUE WITHIN ONE YEAR - GASB 34,Refunder - Current Portion,1,TOTAL NON-COMPENSATION,OTHERS,A25500
A25516,Current Portion - Accreted Interest,,Others,TOTAL LIABILITIES,MISCELLANEOUS OTHER LIABILITIES,DUE WITHIN ONE YEAR - GASB 34,Current Portion - Accreted Interest,1,TOTAL NON-COMPENSATION,OTHERS,A25500
A28010,Accrued Sick Pay Benefits,,Others,TOTAL LIABILITIES,MISCELLANEOUS OTHER LIABILITIES,TOTAL OTHER LONG TERM OBLIGATIONS,Accrued Sick Pay Benefits,1,TOTAL NON-COMPENSATION,OTHERS,A28000
A43000,TOTAL STATE REVENUES,Revenue,Others,TOTAL REVENUES,TOTAL STATE REVENUES,,,0,TOTAL NON-COMPENSATION,OTHERS,A40000
A21240,Payments Due Deceased Employees,,Others,TOTAL LIABILITIES,TOTAL ACCOUNTS PAYABLE,Payments Due Deceased Employees,,1,TOTAL NON-COMPENSATION,OTHERS,A21000
A31160,Authority Rehabilitation,,Others,EQUITY AND OTHER CREDITS,INVESTMENTS IN FIXED ASSETS,Authority Rehabilitation,,1,TOTAL NON-COMPENSATION,OTHERS,A31000
A54300,TOTAL TUITION,Expenditures,Others,TOTAL ALL EXPENDITURES,TOTAL SERVICES,TOTAL TUITION,,0,TOTAL NON-COMPENSATION,OTHERS,A54000
A32300,TOTAL RESERVED FOR RESTRICTED DONATIONS,,Others,EQUITY AND OTHER CREDITS,FUND BALANCES,RESERVED FUND BALANCES,TOTAL RESERVED FOR RESTRICTED DONATIONS,0,TOTAL NON-COMPENSATION,OTHERS,A32100
A32405,Reserved For Specific Purposes,,Others,EQUITY AND OTHER CREDITS,FUND BALANCES,RESERVED FUND BALANCES,TOTAL RESERVED FOR SPECIFIC PURPOSES,1,TOTAL NON-COMPENSATION,OTHERS,A32400
A13525,Miscellaneous Accounts Receivable - Others,,Others,TOTAL ASSETS,TOTAL ACCOUNTS RECEIVABLE,TOTAL ACCOUNTS RECEIVABLE - OTHERS,Miscellaneous Accounts Receivable - Others,1,TOTAL NON-COMPENSATION,OTHERS,A13500
A47400,TOTAL RESIDUAL EQUITY TRANSFER,Revenue,Others,,TOTAL RESIDUAL EQUITY TRANSFER,,,0,TOTAL NON-COMPENSATION,OTHERS,OTHER FINANCING SOURCES
A47700,Swaption Receipts,Revenue,Other Financing Sources,,TOTAL RESIDUAL EQUITY TRANSFER,Swaption Receipts,,1,TOTAL NON-COMPENSATION,OTHERS,A47400
A47710,Swaption Receipts,Revenue,Other Financing Sources,,TOTAL RESIDUAL EQUITY TRANSFER,Swaption Receipts,,1,TOTAL NON-COMPENSATION,OTHERS,A47400
A28030,Tort Liabilities and Other Claims,,Others,TOTAL LIABILITIES,MISCELLANEOUS OTHER LIABILITIES,TOTAL OTHER LONG TERM OBLIGATIONS,Tort Liabilities and Other Claims,1,TOTAL NON-COMPENSATION,OTHERS,A28000
A47717,Gain / Loss on GASB 87 Remeasurement,Revenue,Other Financing Sources,TOTAL REVENUES,Gain / Loss on GASB 87 Remeasurement,,,1,TOTAL NON-COMPENSATION,OTHERS,A40000
A15030,Clearing - Collection Firm Fees,,Others,TOTAL ASSETS,TOTAL OTHER ASSETS,Clearing - Collection Firm Fees,,1,TOTAL NON-COMPENSATION,OTHERS,A15000
A15070,Clearing - Undistributed Cash Receipts,,Others,TOTAL ASSETS,TOTAL OTHER ASSETS,Clearing - Undistributed Cash Receipts,,1,TOTAL NON-COMPENSATION,OTHERS,A15000
A15105,Deferred Charges - Issue Costs - GASB 34,,Others,TOTAL ASSETS,TOTAL OTHER ASSETS,Deferred Charges - Issue Costs - GASB 34,,1,TOTAL NON-COMPENSATION,OTHERS,A15000
A33010,Investment in Capital Assets,,Others,EQUITY AND OTHER CREDITS,FUND BALANCES,RESERVED FUND BALANCES,Total Investment in Capital Assets,1,TOTAL NON-COMPENSATION,OTHERS,A32900
A43695,Truants Alternative Optional Education,Revenue,State,TOTAL REVENUES,TOTAL STATE REVENUES,Truants Alternative Optional Education,,1,TOTAL NON-COMPENSATION,OTHERS,A43000
A43705,Early Childhood - Block Grant,Revenue,State,TOTAL REVENUES,TOTAL STATE REVENUES,Early Childhood - Block Grant,,1,TOTAL NON-COMPENSATION,OTHERS,A43000
A21066,Parking,,Others,TOTAL LIABILITIES,TOTAL ACCOUNTS PAYABLE,Parking,,1,TOTAL NON-COMPENSATION,OTHERS,A21000
A21100,457 Deferred Savings Plan,,Others,TOTAL LIABILITIES,TOTAL ACCOUNTS PAYABLE,457 Deferred Savings Plan,,1,TOTAL NON-COMPENSATION,OTHERS,A21000
A21135,Life Insurance - Univ Suppl Personal Accdt Dependent LTD,,Others,TOTAL LIABILITIES,TOTAL ACCOUNTS PAYABLE,Life Insurance - Univ Suppl Personal Accdt Dependent LTD,,1,TOTAL NON-COMPENSATION,OTHERS,A21000
A44992,Medicaid - Fee for Service,Revenue,Federal,TOTAL REVENUES,TOTAL FEDERAL REVENUES,Medicaid - Fee for Service,,1,TOTAL NON-COMPENSATION,OTHERS,A44000
A44995,Noise Abatement - Federal Revenue,Revenue,Federal,TOTAL REVENUES,TOTAL FEDERAL REVENUES,Noise Abatement - Federal Revenue,,1,TOTAL NON-COMPENSATION,OTHERS,A44000
A45000,TOTAL INVESTMENT INCOME,Revenue,Others,TOTAL REVENUES,TOTAL INVESTMENT INCOME,,,0,TOTAL NON-COMPENSATION,OTHERS,A40000
A34220,Restricted for Debt Service,,Others,EQUITY AND OTHER CREDITS,RESTRICTED FUND BALANCE,Restricted for Debt Service,,1,TOTAL NON-COMPENSATION,OTHERS,A34200
A47515,Bond Premiums,Revenue,Other Financing Sources,TOTAL REVENUES,Bond Premiums,,,1,TOTAL NON-COMPENSATION,OTHERS,A40000
A47715,Insurance Proceeds,Revenue,Other Financing Sources,TOTAL REVENUES,Insurance Proceeds,,,1,TOTAL NON-COMPENSATION,OTHERS,A40000
A22325,Deferred Employee Pension - ESP,,Others,TOTAL LIABILITIES,ACCRUED PAYROLL & BENEFITS,Deferred Employee Pension - ESP,,1,TOTAL NON-COMPENSATION,OTHERS,A22000
A22332,Deferred Employer FED Pension - Tea,,Others,TOTAL LIABILITIES,ACCRUED PAYROLL & BENEFITS,Deferred Employer FED Pension - Tea,,1,TOTAL NON-COMPENSATION,OTHERS,A22000
A23012,Due Teacher Pension - Employer,,Others,TOTAL LIABILITIES,ACCRUED PAYROLL & BENEFITS,Due Teacher Pension - Employer,,1,TOTAL NON-COMPENSATION,OTHERS,A22000
A23015,Due Teacher Pension - Employee,,Others,TOTAL LIABILITIES,ACCRUED PAYROLL & BENEFITS,Due Teacher Pension - Employee,,1,TOTAL NON-COMPENSATION,OTHERS,A22000
A52140,Career Service Salaries - Other,Expenditures,Salary,TOTAL ALL EXPENDITURES,TOTAL CAREER SERVICE SALARIES,Career Service Salaries - Other,,1,TOTAL EMPLOYEE COMPENSATION,TOTAL SALARIES,A52000
A52150,Termination Payout of Sick & Vacation Days - ESPs,Expenditures,Salary,TOTAL ALL EXPENDITURES,TOTAL CAREER SERVICE SALARIES,Termination Payout of Sick & Vacation Days - ESPs,,1,TOTAL EMPLOYEE COMPENSATION,TOTAL SALARIES,A52000
A52590,Career Service Salaries - Summer,Expenditures,Salary,TOTAL ALL EXPENDITURES,TOTAL CAREER SERVICE SALARIES,Career Service Salaries - Summer,,1,TOTAL EMPLOYEE COMPENSATION,TOTAL SALARIES,A52000
A53125,Commodities - Gas - Purchase,Expenditures,Commodities,TOTAL ALL EXPENDITURES,TOTAL COMMODITIES,TOTAL ENERGY,Commodities - Gas - Purchase,1,TOTAL NON-COMPENSATION,TOTAL COMMODITIES & UTILITIES,A53100
A53130,Commodities - Heating Fuel,Expenditures,Commodities,TOTAL ALL EXPENDITURES,TOTAL COMMODITIES,TOTAL ENERGY,Commodities - Heating Fuel,1,TOTAL NON-COMPENSATION,TOTAL COMMODITIES & UTILITIES,A53100
A53300,TOTAL TEXTBOOKS,Expenditures,Commodities,TOTAL ALL EXPENDITURES,TOTAL COMMODITIES,TOTAL TEXTBOOKS,,0,TOTAL NON-COMPENSATION,OTHERS,A53000
A57105,Pensions - Employer Teacher,Expenditures,Benefits,TOTAL ALL EXPENDITURES,TOTAL FIXED CHARGES,TOTAL TEACHERS' PENSION,Pensions - Employer Teacher,1,TOTAL EMPLOYEE COMPENSATION,TOTAL EMPLOYEE BENEFITS,A57100
A57300,TOTAL HOSPITALIZATION & DENTAL INSURANCE,Expenditures,Benefits,TOTAL ALL EXPENDITURES,TOTAL FIXED CHARGES,TOTAL HOSPITALIZATION & DENTAL INSURANCE,,0,TOTAL NON-COMPENSATION,OTHERS,A57000
A57505,Unemployment Compensation,Expenditures,Benefits,TOTAL ALL EXPENDITURES,TOTAL FIXED CHARGES,TOTAL UNEMPLOYMENT COMPENSATION,Unemployment Compensation,1,TOTAL EMPLOYEE COMPENSATION,TOTAL EMPLOYEE BENEFITS,A57500
A57600,TOTAL WORKERS COMPENSATION,Expenditures,Benefits,TOTAL ALL EXPENDITURES,TOTAL FIXED CHARGES,TOTAL WORKERS COMPENSATION,,0,TOTAL NON-COMPENSATION,OTHERS,A57000
A57811,Lease - Interest Expense - GASB 87,Expenditures,Contingencies,TOTAL ALL EXPENDITURES,TOTAL FIXED CHARGES,TOTAL DEBT SERVICE,Lease - Interest Expense - GASB 87,1,TOTAL NON-COMPENSATION,OTHERS,A57800
A57900,TOTAL OTHER CHARGES,Expenditures,Others,TOTAL ALL EXPENDITURES,TOTAL FIXED CHARGES,TOTAL OTHER CHARGES,,0,TOTAL NON-COMPENSATION,OTHERS,A57000
A44305,IASA Title I - Neglected,Revenue,Federal,TOTAL REVENUES,TOTAL FEDERAL REVENUES,IASA Title I - Neglected,,1,TOTAL NON-COMPENSATION,OTHERS,A44000
A44331,IASA Title I - School Improvement,Revenue,Federal,TOTAL REVENUES,TOTAL FEDERAL REVENUES,IASA Title I - School Improvement,,1,TOTAL NON-COMPENSATION,OTHERS,A44000
A58114,Budget Only - Termination Payout of Sick & Vacation Days - Teachers,Expenditures,Salary,TOTAL ALL EXPENDITURES,,Budget Only - Termination Payout of Sick & Vacation Days - Teachers,,1,TOTAL EMPLOYEE COMPENSATION,TOTAL SALARIES,Parallel Accounts
A45130,Contributions and Donations from Private Sources,Revenue,Local,TOTAL REVENUES,LOCAL SOURCES - REVENUE,TOTAL OTHER,Contributions and Donations from Private Sources,1,TOTAL NON-COMPENSATION,OTHERS,A45100
A45135,Other Revenue From Local Sources,Revenue,Local,TOTAL REVENUES,LOCAL SOURCES - REVENUE,TOTAL OTHER,Other Revenue From Local Sources,1,TOTAL NON-COMPENSATION,OTHERS,A45100
A45142,Noise Abatement - City of Chicago,Revenue,Local,TOTAL REVENUES,LOCAL SOURCES - REVENUE,TOTAL OTHER,Noise Abatement - City of Chicago,1,TOTAL NON-COMPENSATION,OTHERS,A45100
A45143,Vendor Rebates,Revenue,Local,TOTAL REVENUES,LOCAL SOURCES - REVENUE,TOTAL OTHER,Vendor Rebates,1,TOTAL NON-COMPENSATION,OTHERS,A45100
A45145,Others,Revenue,Local,TOTAL REVENUES,LOCAL SOURCES - REVENUE,TOTAL OTHER,Others,1,TOTAL NON-COMPENSATION,OTHERS,A45100
A28000,TOTAL OTHER LONG TERM OBLIGATIONS,,Others,TOTAL LIABILITIES,MISCELLANEOUS OTHER LIABILITIES,TOTAL OTHER LONG TERM OBLIGATIONS,,0,TOTAL NON-COMPENSATION,OTHERS,A25000
A44920,McKinney Education,Revenue,Federal,TOTAL REVENUES,TOTAL FEDERAL REVENUES,McKinney Education,,1,TOTAL NON-COMPENSATION,OTHERS,A44000
A44971,Learning Technology,Revenue,Federal,TOTAL REVENUES,TOTAL FEDERAL REVENUES,Learning Technology,,1,TOTAL NON-COMPENSATION,OTHERS,A44000
A22510,Suspense,,Others,TOTAL LIABILITIES,OTHER ACCRUED LIABILITIES,Suspense,,1,TOTAL NON-COMPENSATION,OTHERS,A22500
A31140,Building Bond Construction,,Others,EQUITY AND OTHER CREDITS,INVESTMENTS IN FIXED ASSETS,Building Bond Construction,,1,TOTAL NON-COMPENSATION,OTHERS,A31000
A21164,Master's Tuition - ACE Employee Ded / Recover,,Others,TOTAL LIABILITIES,TOTAL ACCOUNTS PAYABLE,Master's Tuition - ACE Employee Ded / Recover,,1,TOTAL NON-COMPENSATION,OTHERS,A21000
A21165,Garnishment,,Others,TOTAL LIABILITIES,TOTAL ACCOUNTS PAYABLE,Garnishment,,1,TOTAL NON-COMPENSATION,OTHERS,A21000
A21166,Alt Cert Teacher Tuition,,Others,TOTAL LIABILITIES,TOTAL ACCOUNTS PAYABLE,Alt Cert Teacher Tuition,,1,TOTAL NON-COMPENSATION,OTHERS,A21000
A21205,FICA Payable,,Others,TOTAL LIABILITIES,TOTAL ACCOUNTS PAYABLE,FICA Payable,,1,TOTAL NON-COMPENSATION,OTHERS,A21000
A21206,Board Contribution - 403(b) Sick Pay,,Others,TOTAL LIABILITIES,TOTAL ACCOUNTS PAYABLE,Board Contribution - 403(b) Sick Pay,,1,TOTAL NON-COMPENSATION,OTHERS,A21000
A21245,Unpaid Warrants,,Others,TOTAL LIABILITIES,TOTAL ACCOUNTS PAYABLE,Unpaid Warrants,,1,TOTAL NON-COMPENSATION,OTHERS,A21000
A33025,Restricted for Specific Purposes and Programs,,Others,EQUITY AND OTHER CREDITS,FUND BALANCES,RESERVED FUND BALANCES,TOTAL RESERVED FOR SPECIFIC PURPOSES,1,TOTAL NON-COMPENSATION,OTHERS,A32400
A13515,Misc Account Receivable - Pay Advances,,Others,TOTAL ASSETS,TOTAL ACCOUNTS RECEIVABLE,TOTAL ACCOUNTS RECEIVABLE - OTHERS,Misc Account Receivable - Pay Advances,1,TOTAL NON-COMPENSATION,OTHERS,A13500
A21011,A/P - Incorrect PO Vendor Paid,,Others,TOTAL LIABILITIES,TOTAL ACCOUNTS PAYABLE,A/P - Incorrect PO Vendor Paid,,1,TOTAL NON-COMPENSATION,OTHERS,A21000
A21013,Escheat Payable,,Others,TOTAL LIABILITIES,TOTAL ACCOUNTS PAYABLE,Escheat Payable,,1,TOTAL NON-COMPENSATION,OTHERS,A21000
A47310,Operating Transfer In Out,Revenue,Other Financing Sources,,TOTAL OPERATING TRANSFER IN OUT,Operating Transfer In Out,,1,TOTAL NON-COMPENSATION,OTHERS,A47300
A21280,Refunds Due Government Agencies,,Others,TOTAL LIABILITIES,TOTAL ACCOUNTS PAYABLE,Refunds Due Government Agencies,,1,TOTAL NON-COMPENSATION,OTHERS,A21000
A28045,Other Loans - Long Term Portion,,Others,TOTAL LIABILITIES,MISCELLANEOUS OTHER LIABILITIES,TOTAL OTHER LONG TERM OBLIGATIONS,Other Loans - Long Term Portion,1,TOTAL NON-COMPENSATION,OTHERS,A28000
A32800,TOTAL UNDESIGNATED,,Others,EQUITY AND OTHER CREDITS,FUND BALANCES,RESERVED FUND BALANCES,TOTAL UNDESIGNATED,0,TOTAL NON-COMPENSATION,OTHERS,A32100
A15000,TOTAL OTHER ASSETS,,Others,TOTAL ASSETS,TOTAL OTHER ASSETS,,,0,TOTAL NON-COMPENSATION,OTHERS,A10000
A15035,Project Invoice - Cost Adjustment,,Others,TOTAL ASSETS,TOTAL OTHER ASSETS,Project Invoice - Cost Adjustment,,1,TOTAL NON-COMPENSATION,OTHERS,A15000
A47521,Other Financing Sources - Lease Payable,Revenue,Other Financing Sources,,TOTAL BOND DISCOUNTS,Other Financing Sources - Lease Payable,,1,TOTAL NON-COMPENSATION,OTHERS,A47500
A33030,Unrestricted,,Others,EQUITY AND OTHER CREDITS,FUND BALANCES,RESERVED FUND BALANCES,TOTAL UNDESIGNATED,1,TOTAL NON-COMPENSATION,OTHERS,A32800
A43360,State Free Lunch & Breakfast,Revenue,State,TOTAL REVENUES,TOTAL STATE REVENUES,State Free Lunch & Breakfast,,1,TOTAL NON-COMPENSATION,OTHERS,A43000
A47522,Other Financing Sources - SBITA - GASB 96,Revenue,Other Financing Sources,,TOTAL BOND DISCOUNTS,Other Financing Sources - SBITA - GASB 96,,1,TOTAL NON-COMPENSATION,OTHERS,A47500
A21035,Combined Charities NHSF UNCF,,Others,TOTAL LIABILITIES,TOTAL ACCOUNTS PAYABLE,Combined Charities NHSF UNCF,,1,TOTAL NON-COMPENSATION,OTHERS,A21000
A43767,Block Grant - Educational Services Block Grant,Revenue,State,TOTAL REVENUES,TOTAL STATE REVENUES,Block Grant - Educational Services Block Grant,,1,TOTAL NON-COMPENSATION,OTHERS,A43000
A43961,Advanced Placement Classes,Revenue,State,TOTAL REVENUES,TOTAL STATE REVENUES,Advanced Placement Classes,,1,TOTAL NON-COMPENSATION,OTHERS,A43000
A45010,Interest Income Del Taxes,Revenue,Local,TOTAL REVENUES,TOTAL INVESTMENT INCOME,Interest Income Del Taxes,,1,TOTAL NON-COMPENSATION,OTHERS,A45000
A45015,Investment Income/Loss,Revenue,Other Financing Sources,TOTAL REVENUES,TOTAL INVESTMENT INCOME,Investment Income/Loss,,1,TOTAL NON-COMPENSATION,OTHERS,A45000
A34210,Restricted for Workers' Comp/Tort Immunity,,Others,EQUITY AND OTHER CREDITS,RESTRICTED FUND BALANCE,Restricted for Workers' Comp/Tort Immunity,,1,TOTAL NON-COMPENSATION,OTHERS,A34200
A31100,Education/Building/Playground/ And Tort,,Others,EQUITY AND OTHER CREDITS,INVESTMENTS IN FIXED ASSETS,Education/Building/Playground/ And Tort,,1,TOTAL NON-COMPENSATION,OTHERS,A31000
A31120,Public Building Commission,,Others,EQUITY AND OTHER CREDITS,INVESTMENTS IN FIXED ASSETS,Public Building Commission,,1,TOTAL NON-COMPENSATION,OTHERS,A31000
A25305,Interest Payable,,Others,TOTAL LIABILITIES,TOTAL ACCOUNTS PAYABLE,INTEREST PAYABLE - GASB 34,Interest Payable,1,TOTAL NON-COMPENSATION,OTHERS,A25300
A21170,Net Payroll Clearing,,Others,TOTAL LIABILITIES,ACCRUED PAYROLL & BENEFITS,Net Payroll Clearing,,1,TOTAL NON-COMPENSATION,OTHERS,A22000
A48005,Gain on Sale of Fixed Assets - GASB 34,Revenue,Other Financing Sources,Gain on Sale of Fixed Assets - GASB 34,,,,1,TOTAL NON-COMPENSATION,OTHERS,All Accounts
A51000,TOTAL TEACHER SALARIES,Expenditures,Others,TOTAL ALL EXPENDITURES,TOTAL TEACHER SALARIES,,,0,TOTAL EMPLOYEE COMPENSATION,TOTAL SALARIES,A50000
A53220,Commodities - Food - Confections,Expenditures,Commodities,TOTAL ALL EXPENDITURES,TOTAL COMMODITIES,TOTAL FOOD,Commodities - Food - Confections,1,TOTAL NON-COMPENSATION,TOTAL COMMODITIES & UTILITIES,A53200
A54560,Delivery Service,Expenditures,Contracts,TOTAL ALL EXPENDITURES,TOTAL SERVICES,TOTAL OTHER SERVICES,Delivery Service,1,TOTAL NON-COMPENSATION,TOTAL NON-PERSONNEL SERVICES,A54500
A56000,TOTAL BUILDINGS & SITES,Expenditures,Others,TOTAL ALL EXPENDITURES,TOTAL BUILDINGS & SITES,,,0,TOTAL NON-COMPENSATION,OTHERS,A50000
A56200,TOTAL CAPITAL OUTLAY,Expenditures,Others,TOTAL ALL EXPENDITURES,TOTAL BUILDINGS & SITES,TOTAL CAPITAL OUTLAY,,0,TOTAL NON-COMPENSATION,OTHERS,A56000
A53307,Commodities: Software Licenses (Instructional),Expenditures,Commodities,TOTAL ALL EXPENDITURES,TOTAL COMMODITIES,TOTAL TEXTBOOKS,Commodities: Software Licenses (Instructional),1,TOTAL NON-COMPENSATION,OTHERS,A53300
A53410,Commodities - Computer Software,Expenditures,Commodities,TOTAL ALL EXPENDITURES,TOTAL COMMODITIES,TOTAL SUPPLIES,Commodities - Computer Software,1,TOTAL NON-COMPENSATION,TOTAL COMMODITIES & UTILITIES,A53400
A53510,Commodities - Postage,Expenditures,Commodities,TOTAL ALL EXPENDITURES,TOTAL COMMODITIES,TOTAL OTHER COMMODITIES,Commodities - Postage,1,TOTAL NON-COMPENSATION,TOTAL COMMODITIES & UTILITIES,A53500
A53515,Discounts Taken,Expenditures,Others,TOTAL ALL EXPENDITURES,TOTAL COMMODITIES,TOTAL OTHER COMMODITIES,Discounts Taken,1,TOTAL NON-COMPENSATION,OTHERS,A53500
A54000,TOTAL SERVICES,Expenditures,Others,TOTAL ALL EXPENDITURES,TOTAL SERVICES,,,0,TOTAL NON-COMPENSATION,OTHERS,A50000
A54120,Services - Refuse removal,Expenditures,Contracts,TOTAL ALL EXPENDITURES,TOTAL SERVICES,TOTAL PROFESSIONAL & CONTRACTUAL SERVICES,Services - Refuse removal,1,TOTAL NON-COMPENSATION,TOTAL NON-PERSONNEL SERVICES,A54100
A54125,Services - Professional/Administrative,Expenditures,Contracts,TOTAL ALL EXPENDITURES,TOTAL SERVICES,TOTAL PROFESSIONAL & CONTRACTUAL SERVICES,Services - Professional/Administrative,1,TOTAL NON-COMPENSATION,TOTAL NON-PERSONNEL SERVICES,A54100
A54530,Services - Insurance - General Liability - Premium,Expenditures,Contracts,TOTAL ALL EXPENDITURES,TOTAL FIXED CHARGES,Services - Insurance - General Liability - Premium,,1,TOTAL NON-COMPENSATION,TOTAL OTHER CHARGES,A57000
A57250,Total Career Service Other,Expenditures,Benefits,TOTAL ALL EXPENDITURES,TOTAL FIXED CHARGES,TOTAL CAREER SERVICE PENSION,Total Career Service Other,1,TOTAL NON-COMPENSATION,OTHERS,A57200
A57251,457 Deferred Saving Plan,Expenditures,Benefits,TOTAL ALL EXPENDITURES,TOTAL FIXED CHARGES,TOTAL CAREER SERVICE PENSION,457 Deferred Saving Plan,1,TOTAL NON-COMPENSATION,OTHERS,A57200
A57252,403 (b) Deferred Saving Plan,Expenditures,Benefits,TOTAL ALL EXPENDITURES,TOTAL FIXED CHARGES,TOTAL CAREER SERVICE PENSION,403 (b) Deferred Saving Plan,1,TOTAL NON-COMPENSATION,OTHERS,A57200
A44045,Headstart,Revenue,Federal,TOTAL REVENUES,TOTAL FEDERAL REVENUES,Headstart,,1,TOTAL NON-COMPENSATION,OTHERS,A44000
A44227,Donated Foods,Revenue,Federal,TOTAL REVENUES,TOTAL FEDERAL REVENUES,Donated Foods,,1,TOTAL NON-COMPENSATION,OTHERS,A44000
A45105,Tuition Revenue - Non- Resident,Revenue,Local,TOTAL REVENUES,LOCAL SOURCES - REVENUE,TOTAL OTHER,Tuition Revenue - Non- Resident,1,TOTAL NON-COMPENSATION,OTHERS,A45100
A45114,Transportation Fees from Other Districts,Revenue,Local,TOTAL REVENUES,LOCAL SOURCES - REVENUE,TOTAL OTHER,Transportation Fees from Other Districts,1,TOTAL NON-COMPENSATION,OTHERS,A45100
A44399,IL Empower - Title I Other,Revenue,Federal,TOTAL REVENUES,TOTAL FEDERAL REVENUES,IL Empower - Title I Other,,1,TOTAL NON-COMPENSATION,OTHERS,A44000
Parallel Accounts,,,Others,TOTAL ALL EXPENDITURES,,,,0,TOTAL NON-COMPENSATION,OTHERS,A50000
A58140,Budget Only - Teacher Salaries - Overtime,Expenditures,Salary,TOTAL ALL EXPENDITURES,,Budget Only - Teacher Salaries - Overtime,,1,TOTAL EMPLOYEE COMPENSATION,TOTAL SALARIES,Parallel Accounts
A44631,IDEA - Regional Professional Development,Revenue,Federal,TOTAL REVENUES,TOTAL FEDERAL REVENUES,IDEA - Regional Professional Development,,1,TOTAL NON-COMPENSATION,OTHERS,A44000
A58005,Depreciation Expense - GASB 34,Expenditures,Others,Depreciation Expense - GASB 34,,,,1,TOTAL NON-COMPENSATION,OTHERS,All Accounts
A16205,Fixed Assets - Buildings,,Others,TOTAL ASSETS,TOTAL FIXED ASSETS,TOTAL FIXED ASSETS - BUILDINGS,Fixed Assets - Buildings,1,TOTAL NON-COMPENSATION,OTHERS,A16200
A44857,ARRA - IDEA Part B - Flow Through,Revenue,Federal,TOTAL REVENUES,TOTAL FEDERAL REVENUES,ARRA - IDEA Part B - Flow Through,,1,TOTAL NON-COMPENSATION,OTHERS,A44000
A44860,ARRA - Title IID - Technology - Formula,Revenue,Federal,TOTAL REVENUES,TOTAL FEDERAL REVENUES,ARRA - Title IID - Technology - Formula,,1,TOTAL NON-COMPENSATION,OTHERS,A44000
A11200,TOTAL CASH,,Others,TOTAL ASSETS,TOTAL CASH AND INVESTMENTS,TOTAL CASH,,0,TOTAL NON-COMPENSATION,OTHERS,A11000
A11210,Unrestricted Cash,,Others,TOTAL ASSETS,TOTAL CASH AND INVESTMENTS,TOTAL CASH,Unrestricted Cash,1,TOTAL NON-COMPENSATION,OTHERS,A11200
A11230,Property Tax Cash Clearing,,Others,TOTAL ASSETS,TOTAL CASH AND INVESTMENTS,TOTAL CASH,Property Tax Cash Clearing,1,TOTAL NON-COMPENSATION,OTHERS,A11200
A25540,Current Portion of Workers' Comp,,Others,TOTAL LIABILITIES,ACCRUED PAYROLL & BENEFITS,Current Portion of Workers' Comp,,1,TOTAL NON-COMPENSATION,OTHERS,A22000
A28005,Accrued Pension Costs,,Others,TOTAL LIABILITIES,MISCELLANEOUS OTHER LIABILITIES,TOTAL OTHER LONG TERM OBLIGATIONS,Accrued Pension Costs,1,TOTAL NON-COMPENSATION,OTHERS,A28000
A28006,Accrued Postemployment Benefit Costs,,Others,TOTAL LIABILITIES,MISCELLANEOUS OTHER LIABILITIES,TOTAL OTHER LONG TERM OBLIGATIONS,Accrued Postemployment Benefit Costs,1,TOTAL NON-COMPENSATION,OTHERS,A28000
A44905,Immigrant,Revenue,Federal,TOTAL REVENUES,TOTAL FEDERAL REVENUES,Immigrant,,1,TOTAL NON-COMPENSATION,OTHERS,A44000
A45613,Sales to Pupils - A la Carte,Revenue,Local,TOTAL REVENUES,LOCAL SOURCES - REVENUE,TOTAL OTHER,Sales to Pupils - A la Carte,1,TOTAL NON-COMPENSATION,OTHERS,A45100
A24000,DUE MUNICIPAL PENSION FUND,,Others,TOTAL LIABILITIES,DUE MUNICIPAL PENSION FUND,,,0,TOTAL NON-COMPENSATION,OTHERS,A20000
A25000,MISCELLANEOUS OTHER LIABILITIES,,Others,TOTAL LIABILITIES,MISCELLANEOUS OTHER LIABILITIES,,,0,TOTAL NON-COMPENSATION,OTHERS,A20000
A25515,Current Portion - Other Loans and Notes Payable,,Others,TOTAL LIABILITIES,MISCELLANEOUS OTHER LIABILITIES,DUE WITHIN ONE YEAR - GASB 34,Current Portion - Other Loans and Notes Payable,1,TOTAL NON-COMPENSATION,OTHERS,A25500
A43120,Special Ed. - Orphanage-Individual,Revenue,State,TOTAL REVENUES,TOTAL STATE REVENUES,Special Ed. - Orphanage-Individual,,1,TOTAL NON-COMPENSATION,OTHERS,A43000
A43130,Special Ed - Orphanage - Summer Individual,Revenue,State,TOTAL REVENUES,TOTAL STATE REVENUES,Special Ed - Orphanage - Summer Individual,,1,TOTAL NON-COMPENSATION,OTHERS,A43000
A43220,Vocational Ed. - Program Improvement Grant,Revenue,State,TOTAL REVENUES,TOTAL STATE REVENUES,Vocational Ed. - Program Improvement Grant,,1,TOTAL NON-COMPENSATION,OTHERS,A43000
A21163,Master's Tuition - ACE Direct Pay,,Others,TOTAL LIABILITIES,TOTAL ACCOUNTS PAYABLE,Master's Tuition - ACE Direct Pay,,1,TOTAL NON-COMPENSATION,OTHERS,A21000
A21167,Flexible Spending Account - Medical & Dependent,,Others,TOTAL LIABILITIES,TOTAL ACCOUNTS PAYABLE,Flexible Spending Account - Medical & Dependent,,1,TOTAL NON-COMPENSATION,OTHERS,A21000
A32200,TOTAL RESERVED FOR ENCUMBRANCES,,Others,EQUITY AND OTHER CREDITS,FUND BALANCES,RESERVED FUND BALANCES,TOTAL RESERVED FOR ENCUMBRANCES,0,TOTAL NON-COMPENSATION,OTHERS,A32100
A32500,TOTAL RESERVED FOR DEBT SERVICES,,Others,EQUITY AND OTHER CREDITS,FUND BALANCES,RESERVED FUND BALANCES,TOTAL RESERVED FOR DEBT SERVICES,0,TOTAL NON-COMPENSATION,OTHERS,A32100
A21290,Career Service future Premium Adjustment,,Others,TOTAL LIABILITIES,TOTAL ACCOUNTS PAYABLE,Career Service future Premium Adjustment,,1,TOTAL NON-COMPENSATION,OTHERS,A21000
A32705,Designated To Provide Operating Capital,,Others,EQUITY AND OTHER CREDITS,FUND BALANCES,RESERVED FUND BALANCES,TOTAL DESIGNATED TO PROVIDE OPERATING CAPITAL,1,TOTAL NON-COMPENSATION,OTHERS,A32700
A28505,Amount Held For Student Activities,,Others,TOTAL LIABILITIES,MISCELLANEOUS OTHER LIABILITIES,TOTAL AMOUNT HELD FOR STUDENT ACTIVITIES,Amount Held For Student Activities,1,TOTAL NON-COMPENSATION,OTHERS,A28500
A16100,TOTAL FIXED ASSETS - LAND,,Others,TOTAL ASSETS,TOTAL FIXED ASSETS,TOTAL FIXED ASSETS - LAND,,0,TOTAL NON-COMPENSATION,OTHERS,A16000
A21015,Federal Withholding Tax,,Others,TOTAL LIABILITIES,TOTAL ACCOUNTS PAYABLE,Federal Withholding Tax,,1,TOTAL NON-COMPENSATION,OTHERS,A21000
A21055,Anticipated Advance/Recovery,,Others,TOTAL LIABILITIES,TOTAL ACCOUNTS PAYABLE,Anticipated Advance/Recovery,,1,TOTAL NON-COMPENSATION,OTHERS,A21000
A21096,Group Financial,,Others,TOTAL LIABILITIES,TOTAL ACCOUNTS PAYABLE,Group Financial,,1,TOTAL NON-COMPENSATION,OTHERS,A21000
A21120,Union Dues,,Others,TOTAL LIABILITIES,TOTAL ACCOUNTS PAYABLE,Union Dues,,1,TOTAL NON-COMPENSATION,OTHERS,A21000
A44999,Other Restricted Federal Revenue thru State,Revenue,Federal,TOTAL REVENUES,TOTAL FEDERAL REVENUES,Other Restricted Federal Revenue thru State,,1,TOTAL NON-COMPENSATION,OTHERS,A44000
A28020,Accrued Insurance and Workers Comp Claims,,Others,TOTAL LIABILITIES,MISCELLANEOUS OTHER LIABILITIES,TOTAL OTHER LONG TERM OBLIGATIONS,Accrued Insurance and Workers Comp Claims,1,TOTAL NON-COMPENSATION,OTHERS,A28000
A22310,Deferred Teacher Salaries,,Others,TOTAL LIABILITIES,ACCRUED PAYROLL & BENEFITS,Deferred Teacher Salaries,,1,TOTAL NON-COMPENSATION,OTHERS,A22000
A22337,Deferred Employer FED Pension - ESP,,Others,TOTAL LIABILITIES,ACCRUED PAYROLL & BENEFITS,Deferred Employer FED Pension - ESP,,1,TOTAL NON-COMPENSATION,OTHERS,A22000
A11240,Replacement Tax Cash Clearing,,Others,TOTAL ASSETS,TOTAL CASH AND INVESTMENTS,TOTAL CASH,Replacement Tax Cash Clearing,1,TOTAL NON-COMPENSATION,OTHERS,A11200
A11510,Investments,,Others,TOTAL ASSETS,TOTAL CASH AND INVESTMENTS,TOTAL CASHTOTAL INVESTMENTS,Investments,1,TOTAL NON-COMPENSATION,OTHERS,A11500
A51930,Budget Only - Commodities Supplies,Expenditures,Commodities,TOTAL ALL EXPENDITURES,TOTAL TEACHER SALARIES,Budget Only - Commodities Supplies,,1,TOTAL NON-COMPENSATION,TOTAL COMMODITIES & UTILITIES,A51000
A54500,TOTAL OTHER SERVICES,Expenditures,Contracts,TOTAL ALL EXPENDITURES,TOTAL SERVICES,TOTAL OTHER SERVICES,,0,TOTAL NON-COMPENSATION,OTHERS,A54000
A54555,Meals - Lodging & Travel - Other,Expenditures,Contracts,TOTAL ALL EXPENDITURES,TOTAL SERVICES,TOTAL OTHER SERVICES,Meals - Lodging & Travel - Other,1,TOTAL NON-COMPENSATION,TOTAL NON-PERSONNEL SERVICES,A54500
A53100,TOTAL ENERGY,Expenditures,Others,TOTAL ALL EXPENDITURES,TOTAL COMMODITIES,TOTAL ENERGY,,0,TOTAL NON-COMPENSATION,OTHERS,A53000
A53210,Commodities - Donated Food,Expenditures,Commodities,TOTAL ALL EXPENDITURES,TOTAL COMMODITIES,TOTAL FOOD,Commodities - Donated Food,1,TOTAL NON-COMPENSATION,TOTAL COMMODITIES & UTILITIES,A53200
A53304,Instructional Materials (Digital),Expenditures,Commodities,TOTAL ALL EXPENDITURES,TOTAL COMMODITIES,TOTAL TEXTBOOKS,Instructional Materials (Digital),1,TOTAL NON-COMPENSATION,OTHERS,A53300
A55010,Property - Furniture,Expenditures,Equipment,TOTAL ALL EXPENDITURES,TOTAL EQUIPMENT - EDUCATIONAL,Property - Furniture,,1,TOTAL NON-COMPENSATION,EQUIPMENT,A55000
A56105,Services - Repair Contracts,Expenditures,Contracts,TOTAL ALL EXPENDITURES,TOTAL BUILDINGS & SITES,TOTAL REPAIRS & MAINTENANCE,Services - Repair Contracts,1,TOTAL NON-COMPENSATION,TOTAL NON-PERSONNEL SERVICES,A56100
A56210,Property - Buildings & Additions,Expenditures,Others,TOTAL ALL EXPENDITURES,TOTAL BUILDINGS & SITES,TOTAL CAPITAL OUTLAY,Property - Buildings & Additions,1,TOTAL NON-COMPENSATION,EQUIPMENT,A56200
A53405,Commodities - Supplies,Expenditures,Commodities,TOTAL ALL EXPENDITURES,TOTAL COMMODITIES,TOTAL SUPPLIES,Commodities - Supplies,1,TOTAL NON-COMPENSATION,TOTAL COMMODITIES & UTILITIES,A53400
A53500,TOTAL OTHER COMMODITIES,Expenditures,Commodities,TOTAL ALL EXPENDITURES,TOTAL COMMODITIES,TOTAL OTHER COMMODITIES,,0,TOTAL NON-COMPENSATION,OTHERS,A53000
A54220,Auto Reimbursement,Expenditures,Transportation,TOTAL ALL EXPENDITURES,TOTAL SERVICES,TOTAL TRANSPORTATION,Auto Reimbursement,1,TOTAL NON-COMPENSATION,TOTAL NON-PERSONNEL SERVICES,A54200
A57400,TOTAL MEDICARE,Expenditures,Benefits,TOTAL ALL EXPENDITURES,TOTAL FIXED CHARGES,TOTAL MEDICARE,,0,TOTAL NON-COMPENSATION,OTHERS,A57000
A57500,TOTAL UNEMPLOYMENT COMPENSATION,Expenditures,Benefits,TOTAL ALL EXPENDITURES,TOTAL FIXED CHARGES,TOTAL UNEMPLOYMENT COMPENSATION,,0,TOTAL NON-COMPENSATION,OTHERS,A57000
A41205,Replacement Tax Revenue,Revenue,Local,TOTAL REVENUES,LOCAL SOURCES - REVENUE,TOTAL REPLACEMENT TAXES,Replacement Tax Revenue,1,TOTAL NON-COMPENSATION,OTHERS,A41200
A57800,TOTAL DEBT SERVICE,Expenditures,Others,TOTAL ALL EXPENDITURES,TOTAL FIXED CHARGES,TOTAL DEBT SERVICE,,0,TOTAL NON-COMPENSATION,OTHERS,A57000
A57825,Debt - Payment to Refunding Escrow Agent,Expenditures,Contingencies,TOTAL ALL EXPENDITURES,TOTAL FIXED CHARGES,TOTAL DEBT SERVICE,Debt - Payment to Refunding Escrow Agent,1,TOTAL NON-COMPENSATION,DEBT SERVICE AND PBC RENT,A57800
A45115,Other Local Revenue - Lunchroom,Revenue,Local,TOTAL REVENUES,LOCAL SOURCES - REVENUE,TOTAL OTHER,Other Local Revenue - Lunchroom,1,TOTAL NON-COMPENSATION,OTHERS,A45100
A45125,Rental Income,Revenue,Local,TOTAL REVENUES,LOCAL SOURCES - REVENUE,TOTAL OTHER,Rental Income,1,TOTAL NON-COMPENSATION,OTHERS,A45100
A44300,IASA Title I - Low Income,Revenue,Federal,TOTAL REVENUES,TOTAL FEDERAL REVENUES,IASA Title I - Low Income,,1,TOTAL NON-COMPENSATION,OTHERS,A44000
A58180,Budget Only - Pensions Federal,Expenditures,Others,TOTAL ALL EXPENDITURES,,Budget Only - Pensions Federal,,1,TOTAL NON-COMPENSATION,OTHERS,Parallel Accounts
A58185,Budget Only - Unemployment Compensation,Expenditures,Benefits,TOTAL ALL EXPENDITURES,,Budget Only - Unemployment Compensation,,1,TOTAL EMPLOYEE COMPENSATION,TOTAL EMPLOYEE BENEFITS,Parallel Accounts
A58190,Budget Only - Workers Compensation,Expenditures,Benefits,TOTAL ALL EXPENDITURES,,Budget Only - Workers Compensation,,1,TOTAL EMPLOYEE COMPENSATION,TOTAL EMPLOYEE BENEFITS,Parallel Accounts
A58240,Budget Only - Career Service Salaries - Overtime,Expenditures,Salary,TOTAL ALL EXPENDITURES,,Budget Only - Career Service Salaries - Overtime,,1,TOTAL EMPLOYEE COMPENSATION,TOTAL SALARIES,Parallel Accounts
A58245,Budget Only - Termination Payout of Sick & Vacation Days - ESPs,Expenditures,Salary,TOTAL ALL EXPENDITURES,,Budget Only - Termination Payout of Sick & Vacation Days - ESPs,,1,TOTAL EMPLOYEE COMPENSATION,TOTAL SALARIES,Parallel Accounts
A58250,Budget Only - Career Service Salaries - Substitutes,Expenditures,Salary,TOTAL ALL EXPENDITURES,,Budget Only - Career Service Salaries - Substitutes,,1,TOTAL EMPLOYEE COMPENSATION,TOTAL SALARIES,Parallel Accounts
A34405,Assigned to Debt Service,,Others,EQUITY AND OTHER CREDITS,ASSIGNED FUND BALANCE,Assigned to Debt Service,,1,TOTAL NON-COMPENSATION,OTHERS,A34400
A16310,Accumulated Depreciation: Furniture and Equipment - GASB 34 - GASB 34,,Others,TOTAL ASSETS,TOTAL FIXED ASSETS,TOTAL FIXED ASSETS - FURNITURE AND EQUIPMENT,Accumulated Depreciation: Furniture and Equipment - GASB 34 - GASB 34,1,TOTAL NON-COMPENSATION,OTHERS,A16300
A16550,Derivative Instruments,,Others,TOTAL ASSETS,TOTAL FIXED ASSETS,Derivative Instruments,,1,TOTAL NON-COMPENSATION,OTHERS,A16000
A10000,TOTAL ASSETS,,Others,TOTAL ASSETS,,,,0,TOTAL NON-COMPENSATION,OTHERS,All Accounts
A45141,Inter Government Agreement - City of Chicago,Revenue,Local,TOTAL REVENUES,LOCAL SOURCES - REVENUE,TOTAL OTHER,Inter Government Agreement - City of Chicago,1,TOTAL NON-COMPENSATION,OTHERS,A45100
A45150,Revenue Refund Prior Expenditure,Revenue,Local,TOTAL REVENUES,LOCAL SOURCES - REVENUE,TOTAL OTHER,Revenue Refund Prior Expenditure,1,TOTAL NON-COMPENSATION,OTHERS,A45100
A27005,Capital Appreciation Bonds - Accreted Interest Payable,,Others,TOTAL LIABILITIES,MISCELLANEOUS OTHER LIABILITIES,TOTAL CAPITAL APPRECIATION BONDS - ACCRETED INTEREST PAYABLE,Capital Appreciation Bonds - Accreted Interest Payable,1,TOTAL NON-COMPENSATION,OTHERS,A27000
A44991,Medicaid - Administrative Outreach,Revenue,Federal,TOTAL REVENUES,TOTAL FEDERAL REVENUES,Medicaid - Administrative Outreach,,1,TOTAL NON-COMPENSATION,OTHERS,A44000
A45170,Misc Revenue - Telecomm,Revenue,Local,TOTAL REVENUES,LOCAL SOURCES - REVENUE,TOTAL OTHER,Misc Revenue - Telecomm,1,TOTAL NON-COMPENSATION,OTHERS,A45100
A45611,Sales to Pupils - Lunch,Revenue,Local,TOTAL REVENUES,LOCAL SOURCES - REVENUE,TOTAL OTHER,Sales to Pupils - Lunch,1,TOTAL NON-COMPENSATION,OTHERS,A45100
A45612,Sales to Pupils - Breakfast,Revenue,Local,TOTAL REVENUES,LOCAL SOURCES - REVENUE,TOTAL OTHER,Sales to Pupils - Breakfast,1,TOTAL NON-COMPENSATION,OTHERS,A45100
A25500,DUE WITHIN ONE YEAR - GASB 34,,Others,TOTAL LIABILITIES,MISCELLANEOUS OTHER LIABILITIES,DUE WITHIN ONE YEAR - GASB 34,,0,TOTAL NON-COMPENSATION,OTHERS,A25000
A28012,Accrued Teacher Termination Payout of Sick & Vacation,,Others,TOTAL LIABILITIES,MISCELLANEOUS OTHER LIABILITIES,TOTAL OTHER LONG TERM OBLIGATIONS,Accrued Teacher Termination Payout of Sick & Vacation,1,TOTAL NON-COMPENSATION,OTHERS,A28000
A43001,Evidence-Based Funding,Revenue,State,TOTAL REVENUES,TOTAL STATE REVENUES,Evidence-Based Funding,,1,TOTAL NON-COMPENSATION,OTHERS,A43000
A43005,State Pension Aid For Teachers,Revenue,State,TOTAL REVENUES,TOTAL STATE REVENUES,State Pension Aid For Teachers,,1,TOTAL NON-COMPENSATION,OTHERS,A43000
A43217,Vocational Ed. - Jobs For Illinois Graduates,Revenue,State,TOTAL REVENUES,TOTAL STATE REVENUES,Vocational Ed. - Jobs For Illinois Graduates,,1,TOTAL NON-COMPENSATION,OTHERS,A43000
A32000,FUND BALANCES,,Others,EQUITY AND OTHER CREDITS,FUND BALANCES,,,0,TOTAL NON-COMPENSATION,OTHERS,A30000
A13105,Gross Property Taxes Receivable,,Others,TOTAL ASSETS,TOTAL ACCOUNTS RECEIVABLE,TOTAL ACCOUNTS RECEIVABLE - PROPERTY TAX,Gross Property Taxes Receivable,1,TOTAL NON-COMPENSATION,OTHERS,A13100
A32700,TOTAL DESIGNATED TO PROVIDE OPERATING CAPITAL,,Others,EQUITY AND OTHER CREDITS,FUND BALANCES,RESERVED FUND BALANCES,TOTAL DESIGNATED TO PROVIDE OPERATING CAPITAL,0,TOTAL NON-COMPENSATION,OTHERS,A32100
A21252,Rejected Direct Deposits - Clearing,,Others,TOTAL LIABILITIES,TOTAL ACCOUNTS PAYABLE,Rejected Direct Deposits - Clearing,,1,TOTAL NON-COMPENSATION,OTHERS,A21000
A21260,Bid Deposits Payable,,Others,TOTAL LIABILITIES,TOTAL ACCOUNTS PAYABLE,Bid Deposits Payable,,1,TOTAL NON-COMPENSATION,OTHERS,A21000
A13510,Miscellaneous Accounts Receivable- Accrued Interest,,Others,TOTAL ASSETS,TOTAL ACCOUNTS RECEIVABLE,TOTAL ACCOUNTS RECEIVABLE - OTHERS,Miscellaneous Accounts Receivable- Accrued Interest,1,TOTAL NON-COMPENSATION,OTHERS,A13500
A47410,Residual Equity transfer,Revenue,Other Financing Sources,,TOTAL RESIDUAL EQUITY TRANSFER,Residual Equity transfer,,1,TOTAL NON-COMPENSATION,OTHERS,A47400
A28035,Asbestos Abatement Loans From US EPA,,Others,TOTAL LIABILITIES,MISCELLANEOUS OTHER LIABILITIES,TOTAL OTHER LONG TERM OBLIGATIONS,Asbestos Abatement Loans From US EPA,1,TOTAL NON-COMPENSATION,OTHERS,A28000
A13800,TOTAL INTERFUND PAYABLE/RECEIVABLE,,Others,TOTAL ASSETS,TOTAL ACCOUNTS RECEIVABLE,TOTAL INTERFUND PAYABLE/RECEIVABLE,,0,TOTAL NON-COMPENSATION,OTHERS,A13000
A16000,TOTAL FIXED ASSETS,,Others,TOTAL ASSETS,TOTAL FIXED ASSETS,,,0,TOTAL NON-COMPENSATION,OTHERS,A10000
A34115,Nonspendable - Prepaid Interest,,Others,EQUITY AND OTHER CREDITS,NONSPENDABLE FUND BALANCE,Nonspendable - Prepaid Interest,,1,TOTAL NON-COMPENSATION,OTHERS,A34100
A43350,Gifted Education,Revenue,State,TOTAL REVENUES,TOTAL STATE REVENUES,Gifted Education,,1,TOTAL NON-COMPENSATION,OTHERS,A43000
A43370,Driver's Education,Revenue,State,TOTAL REVENUES,TOTAL STATE REVENUES,Driver's Education,,1,TOTAL NON-COMPENSATION,OTHERS,A43000
A21030,Employee Withholding WI Taxes,,Others,TOTAL LIABILITIES,TOTAL ACCOUNTS PAYABLE,Employee Withholding WI Taxes,,1,TOTAL NON-COMPENSATION,OTHERS,A21000
A21040,Employee Pension - Muni & Laborers,,Others,TOTAL LIABILITIES,TOTAL ACCOUNTS PAYABLE,Employee Pension - Muni & Laborers,,1,TOTAL NON-COMPENSATION,OTHERS,A21000
A43766,Block Grant - General Education Block Grant,Revenue,State,TOTAL REVENUES,TOTAL STATE REVENUES,Block Grant - General Education Block Grant,,1,TOTAL NON-COMPENSATION,OTHERS,A43000
A44998,Elementary and Secondary School Emergency Relief Grant,Revenue,Federal,TOTAL REVENUES,TOTAL FEDERAL REVENUES,Elementary and Secondary School Emergency Relief Grant,,1,TOTAL NON-COMPENSATION,OTHERS,A44000
A45005,Interest Income,Revenue,Local,TOTAL REVENUES,TOTAL INVESTMENT INCOME,Interest Income,,1,TOTAL NON-COMPENSATION,OTHERS,A45000
A31000,INVESTMENTS IN FIXED ASSETS,,Others,EQUITY AND OTHER CREDITS,INVESTMENTS IN FIXED ASSETS,,,0,TOTAL NON-COMPENSATION,OTHERS,A30000
A22000,ACCRUED PAYROLL & BENEFITS,,Others,TOTAL LIABILITIES,ACCRUED PAYROLL & BENEFITS,,,0,TOTAL NON-COMPENSATION,OTHERS,A20000
A40001,Fund Balance Appropriated,Revenue,Fund Balance,Fund Balance Appropriated,,,,1,TOTAL NON-COMPENSATION,OTHERS,All Accounts
A43962,Arts Education & Foreign Language Assistance,Revenue,State,TOTAL REVENUES,TOTAL STATE REVENUES,Arts Education & Foreign Language Assistance,,1,TOTAL NON-COMPENSATION,OTHERS,A43000
A51140,Termination Payout of Sick & Vacation Days - Teachers,Expenditures,Salary,TOTAL ALL EXPENDITURES,TOTAL TEACHER SALARIES,Termination Payout of Sick & Vacation Days - Teachers,,1,TOTAL EMPLOYEE COMPENSATION,TOTAL SALARIES,A51000
A51350,Substitute Salary & Benefits consolidated Account,Expenditures,Salary,TOTAL ALL EXPENDITURES,TOTAL TEACHER SALARIES,Substitute Salary & Benefits consolidated Account,,1,TOTAL EMPLOYEE COMPENSATION,TOTAL SALARIES,A51000
A22320,Deferred Employee Pension - Teacher,,Others,TOTAL LIABILITIES,ACCRUED PAYROLL & BENEFITS,Deferred Employee Pension - Teacher,,1,TOTAL NON-COMPENSATION,OTHERS,A22000
A25206,Unearned Revenue,,Others,TOTAL LIABILITIES,TOTAL ACCOUNTS PAYABLE,Unearned Revenue,,1,TOTAL NON-COMPENSATION,OTHERS,A21000
A11500,TOTAL CASHTOTAL INVESTMENTS,,Others,TOTAL ASSETS,TOTAL CASH AND INVESTMENTS,TOTAL CASHTOTAL INVESTMENTS,,0,TOTAL NON-COMPENSATION,OTHERS,A11000
A51500,Teacher Salaries - Substitutes,Expenditures,Salary,TOTAL ALL EXPENDITURES,TOTAL TEACHER SALARIES,Teacher Salaries - Substitutes,,1,TOTAL EMPLOYEE COMPENSATION,TOTAL SALARIES,A51000
A51675,Auto Reimbursement - Contract,Expenditures,Salary,TOTAL ALL EXPENDITURES,TOTAL TEACHER SALARIES,Auto Reimbursement - Contract,,1,TOTAL EMPLOYEE COMPENSATION,TOTAL SALARIES,A51000
A52100,Career Service Salaries - Regular,Expenditures,Salary,TOTAL ALL EXPENDITURES,TOTAL CAREER SERVICE SALARIES,Career Service Salaries - Regular,,1,TOTAL EMPLOYEE COMPENSATION,TOTAL SALARIES,A52000
A54400,TOTAL TELEPHONE,Expenditures,Contracts,TOTAL ALL EXPENDITURES,TOTAL SERVICES,TOTAL TELEPHONE,,0,TOTAL NON-COMPENSATION,OTHERS,A54000
A54520,Services - Printing,Expenditures,Contracts,TOTAL ALL EXPENDITURES,TOTAL SERVICES,TOTAL OTHER SERVICES,Services - Printing,1,TOTAL NON-COMPENSATION,TOTAL NON-PERSONNEL SERVICES,A54500
A54535,Services - Insurance - General Liability - Claims,Expenditures,Contingencies,TOTAL ALL EXPENDITURES,TOTAL SERVICES,TOTAL OTHER SERVICES,Services - Insurance - General Liability - Claims,1,TOTAL NON-COMPENSATION,TOTAL OTHER CHARGES,A54500
A53105,Commodities - Electricity - Purchased,Expenditures,Commodities,TOTAL ALL EXPENDITURES,TOTAL COMMODITIES,TOTAL ENERGY,Commodities - Electricity - Purchased,1,TOTAL NON-COMPENSATION,TOTAL COMMODITIES & UTILITIES,A53100
A55000,TOTAL EQUIPMENT - EDUCATIONAL,Expenditures,Others,TOTAL ALL EXPENDITURES,TOTAL EQUIPMENT - EDUCATIONAL,,,0,TOTAL NON-COMPENSATION,OTHERS,A50000
A54105,Services: Non-technical/Laborer,Expenditures,Contracts,TOTAL ALL EXPENDITURES,TOTAL SERVICES,TOTAL PROFESSIONAL & CONTRACTUAL SERVICES,Services: Non-technical/Laborer,1,TOTAL NON-COMPENSATION,TOTAL NON-PERSONNEL SERVICES,A54100
A57000,TOTAL FIXED CHARGES,Expenditures,Others,TOTAL ALL EXPENDITURES,TOTAL FIXED CHARGES,,,0,TOTAL NON-COMPENSATION,OTHERS,A50000
A57100,TOTAL TEACHERS' PENSION,Expenditures,Others,TOTAL ALL EXPENDITURES,TOTAL FIXED CHARGES,TOTAL TEACHERS' PENSION,,0,TOTAL NON-COMPENSATION,OTHERS,A57000
A57130,Pension - Early Retirement and Others,Expenditures,Benefits,TOTAL ALL EXPENDITURES,TOTAL FIXED CHARGES,TOTAL TEACHERS' PENSION,Pension - Early Retirement and Others,1,TOTAL EMPLOYEE COMPENSATION,TOTAL EMPLOYEE BENEFITS,A57100
A54130,Services - Non Professional,Expenditures,Contracts,TOTAL ALL EXPENDITURES,TOTAL SERVICES,TOTAL PROFESSIONAL & CONTRACTUAL SERVICES,Services - Non Professional,1,TOTAL NON-COMPENSATION,TOTAL NON-PERSONNEL SERVICES,A54100
A54200,TOTAL TRANSPORTATION,Expenditures,Others,TOTAL ALL EXPENDITURES,TOTAL SERVICES,TOTAL TRANSPORTATION,,0,TOTAL NON-COMPENSATION,OTHERS,A54000
A44000,TOTAL FEDERAL REVENUES,Revenue,Others,TOTAL REVENUES,TOTAL FEDERAL REVENUES,,,0,TOTAL NON-COMPENSATION,OTHERS,A40000
A57305,Hospitalization & Dental Insurance - Employer,Expenditures,Benefits,TOTAL ALL EXPENDITURES,TOTAL FIXED CHARGES,TOTAL HOSPITALIZATION & DENTAL INSURANCE,Hospitalization & Dental Insurance - Employer,1,TOTAL EMPLOYEE COMPENSATION,TOTAL EMPLOYEE BENEFITS,A57300
A57405,Medicare,Expenditures,Benefits,TOTAL ALL EXPENDITURES,TOTAL FIXED CHARGES,TOTAL MEDICARE,Medicare,1,TOTAL EMPLOYEE COMPENSATION,TOTAL EMPLOYEE BENEFITS,A57400
A57415,FICA,Expenditures,Benefits,TOTAL ALL EXPENDITURES,TOTAL FIXED CHARGES,TOTAL MEDICARE,FICA,1,TOTAL EMPLOYEE COMPENSATION,TOTAL EMPLOYEE BENEFITS,A57400
A44240,Fresh Fruits and Vegetables Program,Revenue,Federal,TOTAL REVENUES,TOTAL FEDERAL REVENUES,Fresh Fruits and Vegetables Program,,1,TOTAL NON-COMPENSATION,OTHERS,A44000
A41000,LOCAL SOURCES - REVENUE,Revenue,Others,TOTAL REVENUES,LOCAL SOURCES - REVENUE,,,0,TOTAL NON-COMPENSATION,OTHERS,A40000
A57810,Debt - Interest Expense,Expenditures,Contingencies,TOTAL ALL EXPENDITURES,TOTAL FIXED CHARGES,TOTAL DEBT SERVICE,Debt - Interest Expense,1,TOTAL NON-COMPENSATION,DEBT SERVICE AND PBC RENT,A57800
A57935,Miscellaneous - Administrative Allocation To Special,Expenditures,Contingencies,TOTAL ALL EXPENDITURES,TOTAL FIXED CHARGES,TOTAL OTHER CHARGES,Miscellaneous - Administrative Allocation To Special,1,TOTAL NON-COMPENSATION,TOTAL OTHER CHARGES,A57900
A57940,Miscellaneous Charges,Expenditures,Contingencies,TOTAL ALL EXPENDITURES,TOTAL FIXED CHARGES,TOTAL OTHER CHARGES,Miscellaneous Charges,1,TOTAL NON-COMPENSATION,TOTAL OTHER CHARGES,A57900
A45101,TIF-Surplus Property Tax,Revenue,Other Financing Sources,TOTAL REVENUES,LOCAL SOURCES - REVENUE,TOTAL OTHER,TIF-Surplus Property Tax,1,TOTAL NON-COMPENSATION,OTHERS,A45100
A44306,IASA Title I - Delinquent Program,Revenue,Federal,TOTAL REVENUES,TOTAL FEDERAL REVENUES,IASA Title I - Delinquent Program,,1,TOTAL NON-COMPENSATION,OTHERS,A44000
A44334,IASA Title I - Reading First,Revenue,Federal,TOTAL REVENUES,TOTAL FEDERAL REVENUES,IASA Title I - Reading First,,1,TOTAL NON-COMPENSATION,OTHERS,A44000
A44339,School Improvement Grant - Section 1003G,Revenue,Federal,TOTAL REVENUES,TOTAL FEDERAL REVENUES,School Improvement Grant - Section 1003G,,1,TOTAL NON-COMPENSATION,OTHERS,A44000
A58175,Budget Only - Pension Fund Percentage Differential,Expenditures,Benefits,TOTAL ALL EXPENDITURES,,Budget Only - Pension Fund Percentage Differential,,1,TOTAL EMPLOYEE COMPENSATION,TOTAL EMPLOYEE BENEFITS,Parallel Accounts
A44605,IDEA Preschool Discretionary,Revenue,Federal,TOTAL REVENUES,TOTAL FEDERAL REVENUES,IDEA Preschool Discretionary,,1,TOTAL NON-COMPENSATION,OTHERS,A44000
A44620,IDEA Flow Through - L.E.A.,Revenue,Federal,TOTAL REVENUES,TOTAL FEDERAL REVENUES,IDEA Flow Through - L.E.A.,,1,TOTAL NON-COMPENSATION,OTHERS,A44000
A45127,Revenue - Facility Fees,Revenue,Local,TOTAL REVENUES,LOCAL SOURCES - REVENUE,TOTAL OTHER,Revenue - Facility Fees,1,TOTAL NON-COMPENSATION,OTHERS,A45100
A58281,Budget Only - Career Service Salaries - Adjustments *,Expenditures,Salary,TOTAL ALL EXPENDITURES,,Budget Only - Career Service Salaries - Adjustments *,,1,TOTAL EMPLOYEE COMPENSATION,TOTAL SALARIES,Parallel Accounts
A34305,Committed to Provide Operating Capital,,Others,EQUITY AND OTHER CREDITS,COMMITTED FUND BALANCE,Committed to Provide Operating Capital,,1,TOTAL NON-COMPENSATION,OTHERS,A34300
A16210,Accumulated Depreciation: Building and Improvements - GASB 34,,Others,TOTAL ASSETS,TOTAL FIXED ASSETS,TOTAL FIXED ASSETS - BUILDINGS,Accumulated Depreciation: Building and Improvements - GASB 34,1,TOTAL NON-COMPENSATION,OTHERS,A16200
A21000,TOTAL ACCOUNTS PAYABLE,,Others,TOTAL LIABILITIES,TOTAL ACCOUNTS PAYABLE,,,0,TOTAL NON-COMPENSATION,OTHERS,A20000
A24015,Due ESP Pension - Employee,,Others,TOTAL LIABILITIES,ACCRUED PAYROLL & BENEFITS,Due ESP Pension - Employee,,1,TOTAL NON-COMPENSATION,OTHERS,A22000
A34410,Assigned to Encumbrances,,Others,EQUITY AND OTHER CREDITS,ASSIGNED FUND BALANCE,Assigned to Encumbrances,,1,TOTAL NON-COMPENSATION,OTHERS,A34400
A11000,TOTAL CASH AND INVESTMENTS,,Others,TOTAL ASSETS,TOTAL CASH AND INVESTMENTS,,,0,TOTAL NON-COMPENSATION,OTHERS,A10000
A44853,Title I - Delinquent ARRA,Revenue,Federal,TOTAL REVENUES,TOTAL FEDERAL REVENUES,Title I - Delinquent ARRA,,1,TOTAL NON-COMPENSATION,OTHERS,A44000
A44856,ARRA - IDEA - Part B - Preschool,Revenue,Federal,TOTAL REVENUES,TOTAL FEDERAL REVENUES,ARRA - IDEA - Part B - Preschool,,1,TOTAL NON-COMPENSATION,OTHERS,A44000
A26006,Refunder,,Others,TOTAL LIABILITIES,MISCELLANEOUS OTHER LIABILITIES,TOTAL BOND PRINCIPAL PAYABLE,Refunder,1,TOTAL NON-COMPENSATION,OTHERS,A26000
A25545,Current Portion of General & Auto Liability,,Others,TOTAL LIABILITIES,ACCRUED PAYROLL & BENEFITS,Current Portion of General & Auto Liability,,1,TOTAL NON-COMPENSATION,OTHERS,A22000
A27415,Discount/Premium on Bonds Payable - GASB 34,,Others,TOTAL LIABILITIES,MISCELLANEOUS OTHER LIABILITIES,TOTAL LEASES PAYABLE UNDER CAPITAL LEASES,Discount/Premium on Bonds Payable - GASB 34,1,TOTAL NON-COMPENSATION,OTHERS,A27400
A44869,Build America Bond Interest Reimbursement ARRA,Revenue,Federal,TOTAL REVENUES,TOTAL FEDERAL REVENUES,Build America Bond Interest Reimbursement ARRA,,1,TOTAL NON-COMPENSATION,OTHERS,A44000
A44910,Learn & Serve,Revenue,Federal,TOTAL REVENUES,TOTAL FEDERAL REVENUES,Learn & Serve,,1,TOTAL NON-COMPENSATION,OTHERS,A44000
A44932,Title II - Teacher Quality,Revenue,Federal,TOTAL REVENUES,TOTAL FEDERAL REVENUES,Title II - Teacher Quality,,1,TOTAL NON-COMPENSATION,OTHERS,A44000
A22500,OTHER ACCRUED LIABILITIES,,Others,TOTAL LIABILITIES,OTHER ACCRUED LIABILITIES,,,0,TOTAL NON-COMPENSATION,OTHERS,A20000
A25505,Bond Payable - Current Portion - GASB 34,,Others,TOTAL LIABILITIES,MISCELLANEOUS OTHER LIABILITIES,DUE WITHIN ONE YEAR - GASB 34,Bond Payable - Current Portion - GASB 34,1,TOTAL NON-COMPENSATION,OTHERS,A25500
A45614,Sales to Pupils - Other,Revenue,Local,TOTAL REVENUES,LOCAL SOURCES - REVENUE,TOTAL OTHER,Sales to Pupils - Other,1,TOTAL NON-COMPENSATION,OTHERS,A45100
A21161,Voluntary Employee Deduction - City of Chgo Debt Repayment,,Others,TOTAL LIABILITIES,TOTAL ACCOUNTS PAYABLE,Voluntary Employee Deduction - City of Chgo Debt Repayment,,1,TOTAL NON-COMPENSATION,OTHERS,A21000
A32100,RESERVED FUND BALANCES,,Others,EQUITY AND OTHER CREDITS,FUND BALANCES,RESERVED FUND BALANCES,,0,TOTAL NON-COMPENSATION,OTHERS,A32000
A12500,CASH HELD IN SCHOOL INTERNAL ACCOUNTS,,Others,TOTAL ASSETS,TOTAL CASH AND INVESTMENTS IN ESCROW,CASH HELD IN SCHOOL INTERNAL ACCOUNTS,,0,TOTAL NON-COMPENSATION,OTHERS,A12000
A12510,Cash held in School Internal Accounts,,Others,TOTAL ASSETS,TOTAL CASH AND INVESTMENTS IN ESCROW,CASH HELD IN SCHOOL INTERNAL ACCOUNTS,Cash held in School Internal Accounts,1,TOTAL NON-COMPENSATION,OTHERS,A12500
A13100,TOTAL ACCOUNTS RECEIVABLE - PROPERTY TAX,,Others,TOTAL ASSETS,TOTAL ACCOUNTS RECEIVABLE,TOTAL ACCOUNTS RECEIVABLE - PROPERTY TAX,,0,TOTAL NON-COMPENSATION,OTHERS,A13000
A13200,TOTAL ACCOUNTS RECEIVABLE - REPLACEMENT TAXES,,Others,TOTAL ASSETS,TOTAL ACCOUNTS RECEIVABLE,TOTAL ACCOUNTS RECEIVABLE - REPLACEMENT TAXES,,0,TOTAL NON-COMPENSATION,OTHERS,A13000
A13305,Accounts Receivable - Other State Aid,,Others,TOTAL ASSETS,TOTAL ACCOUNTS RECEIVABLE,TOTAL ACCOUNTS RECEIVABLE - STATE AID,Accounts Receivable - Other State Aid,1,TOTAL NON-COMPENSATION,OTHERS,A13300
A32505,Reserved For Debt Services,,Others,EQUITY AND OTHER CREDITS,FUND BALANCES,RESERVED FUND BALANCES,TOTAL RESERVED FOR DEBT SERVICES,1,TOTAL NON-COMPENSATION,OTHERS,A32500
A21265,Liens Payable,,Others,TOTAL LIABILITIES,TOTAL ACCOUNTS PAYABLE,Liens Payable,,1,TOTAL NON-COMPENSATION,OTHERS,A21000
OTHER FINANCING SOURCES,,,Others,,,,,0,TOTAL NON-COMPENSATION,OTHERS,All Accounts
A47200,TOTAL PROCEEDS FROM SALE OF BONDS,Revenue,Others,,TOTAL PROCEEDS FROM SALE OF BONDS,,,0,TOTAL NON-COMPENSATION,OTHERS,OTHER FINANCING SOURCES
A28015,Accrued Vacation Pay Benefits,,Others,TOTAL LIABILITIES,MISCELLANEOUS OTHER LIABILITIES,TOTAL OTHER LONG TERM OBLIGATIONS,Accrued Vacation Pay Benefits,1,TOTAL NON-COMPENSATION,OTHERS,A28000
A13805,Interfund Payable/Receivable,,Others,TOTAL ASSETS,TOTAL ACCOUNTS RECEIVABLE,TOTAL INTERFUND PAYABLE/RECEIVABLE,Interfund Payable/Receivable,1,TOTAL NON-COMPENSATION,OTHERS,A13800
A14000,TOTAL INVENTORIES,,Others,TOTAL ASSETS,TOTAL INVENTORIES,,,0,TOTAL NON-COMPENSATION,OTHERS,A10000
A15072,Unidentified Receipts,,Others,TOTAL ASSETS,TOTAL OTHER ASSETS,Unidentified Receipts,,1,TOTAL NON-COMPENSATION,OTHERS,A15000
A32900,Total Investment in Capital Assets,,Others,EQUITY AND OTHER CREDITS,FUND BALANCES,RESERVED FUND BALANCES,Total Investment in Capital Assets,0,TOTAL NON-COMPENSATION,OTHERS,A32100
A34110,Nonspendable - Principal,,Others,EQUITY AND OTHER CREDITS,NONSPENDABLE FUND BALANCE,Nonspendable - Principal,,1,TOTAL NON-COMPENSATION,OTHERS,A34100
A43500,Transportation - Regular and Vocational,Revenue,State,TOTAL REVENUES,TOTAL STATE REVENUES,Transportation - Regular and Vocational,,1,TOTAL NON-COMPENSATION,OTHERS,A43000
A43510,Transportation - Special Education,Revenue,State,TOTAL REVENUES,TOTAL STATE REVENUES,Transportation - Special Education,,1,TOTAL NON-COMPENSATION,OTHERS,A43000
A16200,TOTAL FIXED ASSETS - BUILDINGS,,Others,TOTAL ASSETS,TOTAL FIXED ASSETS,TOTAL FIXED ASSETS - BUILDINGS,,0,TOTAL NON-COMPENSATION,OTHERS,A16000
A21097,Group Legal,,Others,TOTAL LIABILITIES,TOTAL ACCOUNTS PAYABLE,Group Legal,,1,TOTAL NON-COMPENSATION,OTHERS,A21000
A44997,GEAR UP - Federal Revenue,Revenue,Federal,TOTAL REVENUES,TOTAL FEDERAL REVENUES,GEAR UP - Federal Revenue,,1,TOTAL NON-COMPENSATION,OTHERS,A44000
A25300,INTEREST PAYABLE - GASB 34,,Others,TOTAL LIABILITIES,TOTAL ACCOUNTS PAYABLE,INTEREST PAYABLE - GASB 34,,0,TOTAL NON-COMPENSATION,OTHERS,A21000
A50000,TOTAL ALL EXPENDITURES,Expenditures,Others,TOTAL ALL EXPENDITURES,,,,0,TOTAL NON-COMPENSATION,OTHERS,All Accounts
A51300,Regular Position Pointer,Expenditures,Salary,TOTAL ALL EXPENDITURES,TOTAL TEACHER SALARIES,Regular Position Pointer,,1,TOTAL EMPLOYEE COMPENSATION,TOTAL SALARIES,A51000
A11250,Accounts Payable Cash Clearing,,Others,TOTAL ASSETS,TOTAL CASH AND INVESTMENTS,TOTAL CASH,Accounts Payable Cash Clearing,1,TOTAL NON-COMPENSATION,OTHERS,A11200
A12000,TOTAL CASH AND INVESTMENTS IN ESCROW,,Others,TOTAL ASSETS,TOTAL CASH AND INVESTMENTS IN ESCROW,,,0,TOTAL NON-COMPENSATION,OTHERS,A10000
A51550,Teacher Salaries - Summer,Expenditures,Salary,TOTAL ALL EXPENDITURES,TOTAL TEACHER SALARIES,Teacher Salaries - Summer,,1,TOTAL EMPLOYEE COMPENSATION,TOTAL SALARIES,A51000
A52130,Career Service Salaries - Extended Day,Expenditures,Salary,TOTAL ALL EXPENDITURES,TOTAL CAREER SERVICE SALARIES,Career Service Salaries - Extended Day,,1,TOTAL EMPLOYEE COMPENSATION,TOTAL SALARIES,A52000
A53000,TOTAL COMMODITIES,Expenditures,Others,TOTAL ALL EXPENDITURES,TOTAL COMMODITIES,,,0,TOTAL NON-COMPENSATION,OTHERS,A50000
A53200,TOTAL FOOD,Expenditures,Commodities,TOTAL ALL EXPENDITURES,TOTAL COMMODITIES,TOTAL FOOD,,0,TOTAL NON-COMPENSATION,OTHERS,A53000
A54565,Parent Reimbursements,Expenditures,Contracts,TOTAL ALL EXPENDITURES,TOTAL SERVICES,TOTAL OTHER SERVICES,Parent Reimbursements,1,TOTAL NON-COMPENSATION,TOTAL NON-PERSONNEL SERVICES,A54500
A55005,Property - Equipment,Expenditures,Equipment,TOTAL ALL EXPENDITURES,TOTAL EQUIPMENT - EDUCATIONAL,Property - Equipment,,1,TOTAL NON-COMPENSATION,EQUIPMENT,A55000
A56205,Property - Sites,Expenditures,Others,TOTAL ALL EXPENDITURES,TOTAL BUILDINGS & SITES,TOTAL CAPITAL OUTLAY,Property - Sites,1,TOTAL NON-COMPENSATION,EQUIPMENT,A56200
A54100,TOTAL PROFESSIONAL & CONTRACTUAL SERVICES,Expenditures,Others,TOTAL ALL EXPENDITURES,TOTAL SERVICES,TOTAL PROFESSIONAL & CONTRACTUAL SERVICES,,0,TOTAL NON-COMPENSATION,OTHERS,A54000
A56306,Capitalized Furniture,Expenditures,Benefits,TOTAL ALL EXPENDITURES,TOTAL BUILDINGS & SITES,TOTAL CAPITAL OUTLAY,Capitalized Furniture,1,TOTAL NON-COMPENSATION,EQUIPMENT,A56200
A56310,Capitalized Construction,Expenditures,Equipment,TOTAL ALL EXPENDITURES,TOTAL BUILDINGS & SITES,TOTAL CAPITAL OUTLAY,Capitalized Construction,1,TOTAL NON-COMPENSATION,OTHERS,A56200
A57110,Pensions - Employer Teacher - Federally Funded,Expenditures,Benefits,TOTAL ALL EXPENDITURES,TOTAL FIXED CHARGES,TOTAL TEACHERS' PENSION,Pensions - Employer Teacher - Federally Funded,1,TOTAL EMPLOYEE COMPENSATION,TOTAL EMPLOYEE BENEFITS,A57100
A57200,TOTAL CAREER SERVICE PENSION,Expenditures,Benefits,TOTAL ALL EXPENDITURES,TOTAL FIXED CHARGES,TOTAL CAREER SERVICE PENSION,,0,TOTAL NON-COMPENSATION,OTHERS,A57000
A57210,Pensions - ESP Employer,Expenditures,Benefits,TOTAL ALL EXPENDITURES,TOTAL FIXED CHARGES,TOTAL CAREER SERVICE PENSION,Pensions - ESP Employer,1,TOTAL EMPLOYEE COMPENSATION,TOTAL EMPLOYEE BENEFITS,A57200
A54210,Pupil Transportation,Expenditures,Transportation,TOTAL ALL EXPENDITURES,TOTAL SERVICES,TOTAL TRANSPORTATION,Pupil Transportation,1,TOTAL NON-COMPENSATION,TOTAL NON-PERSONNEL SERVICES,A54200
A54215,Car Fare,Expenditures,Transportation,TOTAL ALL EXPENDITURES,TOTAL SERVICES,TOTAL TRANSPORTATION,Car Fare,1,TOTAL NON-COMPENSATION,TOTAL NON-PERSONNEL SERVICES,A54200
A43982,Teacher Mentoring & Mentoring Pilot Program,Revenue,State,TOTAL REVENUES,TOTAL STATE REVENUES,Teacher Mentoring & Mentoring Pilot Program,,1,TOTAL NON-COMPENSATION,OTHERS,A43000
A43999,Other Restricted State Revenues,Revenue,State,TOTAL REVENUES,TOTAL STATE REVENUES,Other Restricted State Revenues,,1,TOTAL NON-COMPENSATION,OTHERS,A43000
A44008,Medicare Part D Revenue,Revenue,Federal,TOTAL REVENUES,TOTAL FEDERAL REVENUES,Medicare Part D Revenue,,1,TOTAL NON-COMPENSATION,OTHERS,A44000
A57605,Workers Compensation,Expenditures,Benefits,TOTAL ALL EXPENDITURES,TOTAL FIXED CHARGES,TOTAL WORKERS COMPENSATION,Workers Compensation,1,TOTAL EMPLOYEE COMPENSATION,TOTAL EMPLOYEE BENEFITS,A57600
A57700,TOTAL RENT,Expenditures,Others,TOTAL ALL EXPENDITURES,TOTAL FIXED CHARGES,TOTAL RENT,,0,TOTAL NON-COMPENSATION,OTHERS,A57000
A44100,IASA Title VI - Public & Non-Public Chpt 2,Revenue,Federal,TOTAL REVENUES,TOTAL FEDERAL REVENUES,IASA Title VI - Public & Non-Public Chpt 2,,1,TOTAL NON-COMPENSATION,OTHERS,A44000
A44220,Lunchroom Breakfast Program,Revenue,Federal,TOTAL REVENUES,TOTAL FEDERAL REVENUES,Lunchroom Breakfast Program,,1,TOTAL NON-COMPENSATION,OTHERS,A44000
A40000,TOTAL REVENUES,Revenue,Others,TOTAL REVENUES,,,,0,TOTAL NON-COMPENSATION,OTHERS,All Accounts
A57930,Miscellaneous - Administrative Allocation,Expenditures,Contingencies,TOTAL ALL EXPENDITURES,TOTAL FIXED CHARGES,TOTAL OTHER CHARGES,Miscellaneous - Administrative Allocation,1,TOTAL NON-COMPENSATION,TOTAL OTHER CHARGES,A57900
A58110,Budget Only - Teacher Salaries - Regular,Expenditures,Salary,TOTAL ALL EXPENDITURES,,Budget Only - Teacher Salaries - Regular,,1,TOTAL EMPLOYEE COMPENSATION,TOTAL SALARIES,Parallel Accounts
A58150,Budget Only - Teacher Salaries - Substitutes,Expenditures,Salary,TOTAL ALL EXPENDITURES,,Budget Only - Teacher Salaries - Substitutes,,1,TOTAL EMPLOYEE COMPENSATION,TOTAL SALARIES,Parallel Accounts
A58195,Budget Only - Hospitalization,Expenditures,Benefits,TOTAL ALL EXPENDITURES,,Budget Only - Hospitalization,,1,TOTAL EMPLOYEE COMPENSATION,TOTAL EMPLOYEE BENEFITS,Parallel Accounts
A58210,Budget Only - Career Service Salaries - Regular,Expenditures,Salary,TOTAL ALL EXPENDITURES,,Budget Only - Career Service Salaries - Regular,,1,TOTAL EMPLOYEE COMPENSATION,TOTAL SALARIES,Parallel Accounts
A44421,IASA Title IV - 21st Century,Revenue,Federal,TOTAL REVENUES,TOTAL FEDERAL REVENUES,IASA Title IV - 21st Century,,1,TOTAL NON-COMPENSATION,OTHERS,A44000
A44600,IDEA Part B PreSchool Flow Through,Revenue,Federal,TOTAL REVENUES,TOTAL FEDERAL REVENUES,IDEA Part B PreSchool Flow Through,,1,TOTAL NON-COMPENSATION,OTHERS,A44000
A44745,VE Perkins - Title IIC Secondary,Revenue,Federal,TOTAL REVENUES,TOTAL FEDERAL REVENUES,VE Perkins - Title IIC Secondary,,1,TOTAL NON-COMPENSATION,OTHERS,A44000
A45128,Lease Income - GASB 87,Revenue,Local,TOTAL REVENUES,LOCAL SOURCES - REVENUE,TOTAL OTHER,Lease Income - GASB 87,1,TOTAL NON-COMPENSATION,OTHERS,A45100
A45137,Miscellaneous Revenue-Teacher Residency Program -A45137,Revenue,Local,TOTAL REVENUES,LOCAL SOURCES - REVENUE,TOTAL OTHER,Miscellaneous Revenue-Teacher Residency Program -A45137,1,TOTAL NON-COMPENSATION,OTHERS,A45100
A58214,Budget Only - Career Service Salaries - Other,Expenditures,Salary,TOTAL ALL EXPENDITURES,,Budget Only - Career Service Salaries - Other,,1,TOTAL EMPLOYEE COMPENSATION,TOTAL SALARIES,Parallel Accounts
A99999,A99999 - Error,,Others,A99999 - Error,,,,1,TOTAL NON-COMPENSATION,OTHERS,All Accounts
A34400,ASSIGNED FUND BALANCE,,Others,EQUITY AND OTHER CREDITS,ASSIGNED FUND BALANCE,,,0,TOTAL NON-COMPENSATION,OTHERS,A30000
A16305,Fixed Assets - Furniture And Equipment,,Others,TOTAL ASSETS,TOTAL FIXED ASSETS,TOTAL FIXED ASSETS - FURNITURE AND EQUIPMENT,Fixed Assets - Furniture And Equipment,1,TOTAL NON-COMPENSATION,OTHERS,A16300
A16317,Acc. Depreciation - Minor software - Internal,,Others,TOTAL ASSETS,TOTAL FIXED ASSETS,TOTAL FIXED ASSETS - FURNITURE AND EQUIPMENT,Acc. Depreciation - Minor software - Internal,1,TOTAL NON-COMPENSATION,OTHERS,A16300
A20000,TOTAL LIABILITIES,,Others,TOTAL LIABILITIES,,,,0,TOTAL NON-COMPENSATION,OTHERS,All Accounts
A45139,Pre-School Program - Education Initiative,Revenue,Local,TOTAL REVENUES,LOCAL SOURCES - REVENUE,TOTAL OTHER,Pre-School Program - Education Initiative,1,TOTAL NON-COMPENSATION,OTHERS,A45100
A45140,Revenues-Vending Machines,Revenue,Local,TOTAL REVENUES,LOCAL SOURCES - REVENUE,TOTAL OTHER,Revenues-Vending Machines,1,TOTAL NON-COMPENSATION,OTHERS,A45100
A27000,TOTAL CAPITAL APPRECIATION BONDS - ACCRETED INTEREST PAYABLE,,Others,TOTAL LIABILITIES,MISCELLANEOUS OTHER LIABILITIES,TOTAL CAPITAL APPRECIATION BONDS - ACCRETED INTEREST PAYABLE,,0,TOTAL NON-COMPENSATION,OTHERS,A25000
A27400,TOTAL LEASES PAYABLE UNDER CAPITAL LEASES,,Others,TOTAL LIABILITIES,MISCELLANEOUS OTHER LIABILITIES,TOTAL LEASES PAYABLE UNDER CAPITAL LEASES,,0,TOTAL NON-COMPENSATION,OTHERS,A25000
A27405,Rental Payable Under Capital Lease,,Others,TOTAL LIABILITIES,MISCELLANEOUS OTHER LIABILITIES,TOTAL LEASES PAYABLE UNDER CAPITAL LEASES,Rental Payable Under Capital Lease,1,TOTAL NON-COMPENSATION,OTHERS,A27400
A44880,Other ARRA Funds - XI,Revenue,Federal,TOTAL REVENUES,TOTAL FEDERAL REVENUES,Other ARRA Funds - XI,,1,TOTAL NON-COMPENSATION,OTHERS,A44000
A44909,Title III - English Language Acquisition,Revenue,Federal,TOTAL REVENUES,TOTAL FEDERAL REVENUES,Title III - English Language Acquisition,,1,TOTAL NON-COMPENSATION,OTHERS,A44000
A44951,STEP,Revenue,Federal,TOTAL REVENUES,TOTAL FEDERAL REVENUES,STEP,,1,TOTAL NON-COMPENSATION,OTHERS,A44000
A22505,Other Accrued Liabilities,,Others,TOTAL LIABILITIES,OTHER ACCRUED LIABILITIES,Other Accrued Liabilities,,1,TOTAL NON-COMPENSATION,OTHERS,A22500
A45620,Sales to Adults,Revenue,Local,TOTAL REVENUES,LOCAL SOURCES - REVENUE,TOTAL OTHER,Sales to Adults,1,TOTAL NON-COMPENSATION,OTHERS,A45100
A43025,Evidence-Based Funding - Adjustment,Revenue,State,TOTAL REVENUES,TOTAL STATE REVENUES,Evidence-Based Funding - Adjustment,,1,TOTAL NON-COMPENSATION,OTHERS,A43000
A43305,Bilingual TPI and TBE,Revenue,State,TOTAL REVENUES,TOTAL STATE REVENUES,Bilingual TPI and TBE,,1,TOTAL NON-COMPENSATION,OTHERS,A43000
A21200,Medicare,,Others,TOTAL LIABILITIES,TOTAL ACCOUNTS PAYABLE,Medicare,,1,TOTAL NON-COMPENSATION,OTHERS,A21000
A31170,Authority Construction,,Others,EQUITY AND OTHER CREDITS,INVESTMENTS IN FIXED ASSETS,Authority Construction,,1,TOTAL NON-COMPENSATION,OTHERS,A31000
A13000,TOTAL ACCOUNTS RECEIVABLE,,Others,TOTAL ASSETS,TOTAL ACCOUNTS RECEIVABLE,,,0,TOTAL NON-COMPENSATION,OTHERS,A10000
A13110,Allowance For Loss On Property Tax,,Others,TOTAL ASSETS,TOTAL ACCOUNTS RECEIVABLE,TOTAL ACCOUNTS RECEIVABLE - PROPERTY TAX,Allowance For Loss On Property Tax,1,TOTAL NON-COMPENSATION,OTHERS,A13100
A13205,Replacement Tax Receivable,,Others,TOTAL ASSETS,TOTAL ACCOUNTS RECEIVABLE,TOTAL ACCOUNTS RECEIVABLE - REPLACEMENT TAXES,Replacement Tax Receivable,1,TOTAL NON-COMPENSATION,OTHERS,A13200
A13505,Accounts Receivable - Miscellaneous Reimbursable,,Others,TOTAL ASSETS,TOTAL ACCOUNTS RECEIVABLE,TOTAL ACCOUNTS RECEIVABLE - OTHERS,Accounts Receivable - Miscellaneous Reimbursable,1,TOTAL NON-COMPENSATION,OTHERS,A13500
A32205,Reserved For Encumbrances,,Others,EQUITY AND OTHER CREDITS,FUND BALANCES,RESERVED FUND BALANCES,TOTAL RESERVED FOR ENCUMBRANCES,1,TOTAL NON-COMPENSATION,OTHERS,A32200
A28027,Derivative Instrument Liability (roll up to Long-term Liabilities in C),,Others,TOTAL LIABILITIES,MISCELLANEOUS OTHER LIABILITIES,TOTAL OTHER LONG TERM OBLIGATIONS,Derivative Instrument Liability (roll up to Long-term Liabilities in C),1,TOTAL NON-COMPENSATION,OTHERS,A28000
A28500,TOTAL AMOUNT HELD FOR STUDENT ACTIVITIES,,Others,TOTAL LIABILITIES,MISCELLANEOUS OTHER LIABILITIES,TOTAL AMOUNT HELD FOR STUDENT ACTIVITIES,,0,TOTAL NON-COMPENSATION,OTHERS,A25000
A32805,Undesignated,,Others,EQUITY AND OTHER CREDITS,FUND BALANCES,RESERVED FUND BALANCES,TOTAL UNDESIGNATED,1,TOTAL NON-COMPENSATION,OTHERS,A32800
A13550,Unapplied Receipts,,Others,TOTAL ASSETS,TOTAL ACCOUNTS RECEIVABLE,TOTAL ACCOUNTS RECEIVABLE - OTHERS,Unapplied Receipts,1,TOTAL NON-COMPENSATION,OTHERS,A13500
A15022,Clearing - Payroll Misc Fees,,Others,TOTAL ASSETS,TOTAL OTHER ASSETS,Clearing - Payroll Misc Fees,,1,TOTAL NON-COMPENSATION,OTHERS,A15000
A15082,A/P Prepayment,,Others,TOTAL ASSETS,TOTAL OTHER ASSETS,A/P Prepayment,,1,TOTAL NON-COMPENSATION,OTHERS,A15000
A15090,Gas Purchases,,Others,TOTAL ASSETS,TOTAL OTHER ASSETS,Gas Purchases,,1,TOTAL NON-COMPENSATION,OTHERS,A15000
A30000,EQUITY AND OTHER CREDITS,,Others,EQUITY AND OTHER CREDITS,,,,0,TOTAL NON-COMPENSATION,OTHERS,All Accounts
A16105,Fixed Assets - Land,,Others,TOTAL ASSETS,TOTAL FIXED ASSETS,TOTAL FIXED ASSETS - LAND,Fixed Assets - Land,1,TOTAL NON-COMPENSATION,OTHERS,A16100
A21050,Employee Pension - Teachers,,Others,TOTAL LIABILITIES,TOTAL ACCOUNTS PAYABLE,Employee Pension - Teachers,,1,TOTAL NON-COMPENSATION,OTHERS,A21000
A21065,Transit,,Others,TOTAL LIABILITIES,TOTAL ACCOUNTS PAYABLE,Transit,,1,TOTAL NON-COMPENSATION,OTHERS,A21000
A21085,United Credit Union,,Others,TOTAL LIABILITIES,TOTAL ACCOUNTS PAYABLE,United Credit Union,,1,TOTAL NON-COMPENSATION,OTHERS,A21000
A21095,State Scholarship Bright Star,,Others,TOTAL LIABILITIES,TOTAL ACCOUNTS PAYABLE,State Scholarship Bright Star,,1,TOTAL NON-COMPENSATION,OTHERS,A21000
A43800,Library Grant,Revenue,State,TOTAL REVENUES,TOTAL STATE REVENUES,Library Grant,,1,TOTAL NON-COMPENSATION,OTHERS,A43000
A43920,CDB revenues from state,Revenue,State,TOTAL REVENUES,TOTAL STATE REVENUES,CDB revenues from state,,1,TOTAL NON-COMPENSATION,OTHERS,A43000
A34200,RESTRICTED FUND BALANCE,,Others,EQUITY AND OTHER CREDITS,RESTRICTED FUND BALANCE,,,0,TOTAL NON-COMPENSATION,OTHERS,A30000
A34300,COMMITTED FUND BALANCE,,Others,EQUITY AND OTHER CREDITS,COMMITTED FUND BALANCE,,,0,TOTAL NON-COMPENSATION,OTHERS,A30000
A51100,Teacher Salaries - Regular,Expenditures,Salary,TOTAL ALL EXPENDITURES,TOTAL TEACHER SALARIES,Teacher Salaries - Regular,,1,TOTAL EMPLOYEE COMPENSATION,TOTAL SALARIES,A51000
A51330,Benefits Pointer,Expenditures,Salary,TOTAL ALL EXPENDITURES,TOTAL TEACHER SALARIES,Benefits Pointer,,1,TOTAL EMPLOYEE COMPENSATION,TOTAL SALARIES,A51000
A22340,Deferred Medicare,,Others,TOTAL LIABILITIES,ACCRUED PAYROLL & BENEFITS,Deferred Medicare,,1,TOTAL NON-COMPENSATION,OTHERS,A22000
A52000,TOTAL CAREER SERVICE SALARIES,Expenditures,Salary,TOTAL ALL EXPENDITURES,TOTAL CAREER SERVICE SALARIES,,,0,TOTAL EMPLOYEE COMPENSATION,TOTAL SALARIES,A50000
A52400,Career Service Salaries - Overtime,Expenditures,Salary,TOTAL ALL EXPENDITURES,TOTAL CAREER SERVICE SALARIES,Career Service Salaries - Overtime,,1,TOTAL EMPLOYEE COMPENSATION,TOTAL SALARIES,A52000
A52500,Career Service Salaries - Substitutes,Expenditures,Salary,TOTAL ALL EXPENDITURES,TOTAL CAREER SERVICE SALARIES,Career Service Salaries - Substitutes,,1,TOTAL EMPLOYEE COMPENSATION,TOTAL SALARIES,A52000
A54320,Student Tuition - Charter Schools,Expenditures,Contracts,TOTAL ALL EXPENDITURES,TOTAL SERVICES,TOTAL TUITION,Student Tuition - Charter Schools,1,TOTAL NON-COMPENSATION,TOTAL NON-PERSONNEL SERVICES,A54300
A54325,Tuition - Startup Payment for Charter Schools,Expenditures,Contracts,TOTAL ALL EXPENDITURES,TOTAL SERVICES,TOTAL TUITION,Tuition - Startup Payment for Charter Schools,1,TOTAL NON-COMPENSATION,TOTAL NON-PERSONNEL SERVICES,A54300
A54515,Services - Advertising,Expenditures,Contracts,TOTAL ALL EXPENDITURES,TOTAL SERVICES,TOTAL OTHER SERVICES,Services - Advertising,1,TOTAL NON-COMPENSATION,TOTAL NON-PERSONNEL SERVICES,A54500
A54525,Services - Printing Other,Expenditures,Contracts,TOTAL ALL EXPENDITURES,TOTAL SERVICES,TOTAL OTHER SERVICES,Services - Printing Other,1,TOTAL NON-COMPENSATION,TOTAL NON-PERSONNEL SERVICES,A54500
A53115,Commodities - Electricity - Transmission,Expenditures,Commodities,TOTAL ALL EXPENDITURES,TOTAL COMMODITIES,TOTAL ENERGY,Commodities - Electricity - Transmission,1,TOTAL NON-COMPENSATION,TOTAL COMMODITIES & UTILITIES,A53100
A56100,TOTAL REPAIRS & MAINTENANCE,Expenditures,Others,TOTAL ALL EXPENDITURES,TOTAL BUILDINGS & SITES,TOTAL REPAIRS & MAINTENANCE,,0,TOTAL NON-COMPENSATION,OTHERS,A56000
A56206,Building Rental - GASB 87 Lease,Expenditures,Others,TOTAL ALL EXPENDITURES,TOTAL BUILDINGS & SITES,TOTAL CAPITAL OUTLAY,Building Rental - GASB 87 Lease,1,TOTAL NON-COMPENSATION,EQUIPMENT,A56200
A56215,Property - Permanent Improvement,Expenditures,Benefits,TOTAL ALL EXPENDITURES,TOTAL BUILDINGS & SITES,TOTAL CAPITAL OUTLAY,Property - Permanent Improvement,1,TOTAL NON-COMPENSATION,EQUIPMENT,A56200
A56302,Capitalized Equipment,Expenditures,Benefits,TOTAL ALL EXPENDITURES,TOTAL BUILDINGS & SITES,TOTAL CAPITAL OUTLAY,Capitalized Equipment,1,TOTAL NON-COMPENSATION,EQUIPMENT,A56200
A53306,Commodities: Software (Non-Instructional),Expenditures,Commodities,TOTAL ALL EXPENDITURES,TOTAL COMMODITIES,TOTAL TEXTBOOKS,Commodities: Software (Non-Instructional),1,TOTAL NON-COMPENSATION,TOTAL COMMODITIES & UTILITIES,A53300
A56308,Capitalized Textbook,Expenditures,Benefits,TOTAL ALL EXPENDITURES,TOTAL BUILDINGS & SITES,TOTAL CAPITAL OUTLAY,Capitalized Textbook,1,TOTAL NON-COMPENSATION,EQUIPMENT,A56200
A43969,Regional Safe Schools,Revenue,State,TOTAL REVENUES,TOTAL STATE REVENUES,Regional Safe Schools,,1,TOTAL NON-COMPENSATION,OTHERS,A43000
A57215,Pensions - Employer ESP - Federally Funded,Expenditures,Benefits,TOTAL ALL EXPENDITURES,TOTAL FIXED CHARGES,TOTAL CAREER SERVICE PENSION,Pensions - Employer ESP - Federally Funded,1,TOTAL EMPLOYEE COMPENSATION,TOTAL EMPLOYEE BENEFITS,A57200
A44030,ESEA Title VII - Bilingual,Revenue,Federal,TOTAL REVENUES,TOTAL FEDERAL REVENUES,ESEA Title VII - Bilingual,,1,TOTAL NON-COMPENSATION,OTHERS,A44000
A57805,Debt - Principal Redemption,Expenditures,Contingencies,TOTAL ALL EXPENDITURES,TOTAL FIXED CHARGES,TOTAL DEBT SERVICE,Debt - Principal Redemption,1,TOTAL NON-COMPENSATION,DEBT SERVICE AND PBC RENT,A57800
A57915,Miscellaneous - Contingent Projects,Expenditures,Contingencies,TOTAL ALL EXPENDITURES,TOTAL FIXED CHARGES,TOTAL OTHER CHARGES,Miscellaneous - Contingent Projects,1,TOTAL NON-COMPENSATION,TOTAL OTHER CHARGES,A57900
A41310,City Of Chicago Pension Contributions,Revenue,Local,TOTAL REVENUES,LOCAL SOURCES - REVENUE,TOTAL OTHER,City Of Chicago Pension Contributions,1,TOTAL NON-COMPENSATION,OTHERS,A45100
A57970,eAM COGS,Expenditures,Others,TOTAL ALL EXPENDITURES,TOTAL FIXED CHARGES,TOTAL OTHER CHARGES,eAM COGS,1,TOTAL NON-COMPENSATION,OTHERS,A57900
A58115,Budget Only - Pensions,Expenditures,Benefits,TOTAL ALL EXPENDITURES,,Budget Only - Pensions,,1,TOTAL EMPLOYEE COMPENSATION,TOTAL EMPLOYEE BENEFITS,Parallel Accounts
A58275,Budget Only - Pension - ESP,Expenditures,Benefits,TOTAL ALL EXPENDITURES,,Budget Only - Pension - ESP,,1,TOTAL EMPLOYEE COMPENSATION,TOTAL EMPLOYEE BENEFITS,Parallel Accounts
A16300,TOTAL FIXED ASSETS - FURNITURE AND EQUIPMENT,,Others,TOTAL ASSETS,TOTAL FIXED ASSETS,TOTAL FIXED ASSETS - FURNITURE AND EQUIPMENT,,0,TOTAL NON-COMPENSATION,OTHERS,A16000
A21005,Manual A/P - Flow Through Payments,,Others,TOTAL LIABILITIES,TOTAL ACCOUNTS PAYABLE,Manual A/P - Flow Through Payments,,1,TOTAL NON-COMPENSATION,OTHERS,A21000
A24010,Due ESP Pension - Govt Funded,,Others,TOTAL LIABILITIES,ACCRUED PAYROLL & BENEFITS,Due ESP Pension - Govt Funded,,1,TOTAL NON-COMPENSATION,OTHERS,A22000
A25525,Sick Pay - Current Portion - GASB 34,,Others,TOTAL LIABILITIES,ACCRUED PAYROLL & BENEFITS,Sick Pay - Current Portion - GASB 34,,1,TOTAL NON-COMPENSATION,OTHERS,A22000
A45165,Bank Adjustment,Revenue,Local,TOTAL REVENUES,LOCAL SOURCES - REVENUE,TOTAL OTHER,Bank Adjustment,1,TOTAL NON-COMPENSATION,OTHERS,A45100
A26000,TOTAL BOND PRINCIPAL PAYABLE,,Others,TOTAL LIABILITIES,MISCELLANEOUS OTHER LIABILITIES,TOTAL BOND PRINCIPAL PAYABLE,,0,TOTAL NON-COMPENSATION,OTHERS,A25000
A44862,ARRA - Mckinney - Vento Homeless Education,Revenue,Federal,TOTAL REVENUES,TOTAL FEDERAL REVENUES,ARRA - Mckinney - Vento Homeless Education,,1,TOTAL NON-COMPENSATION,OTHERS,A44000
A44936,Mathematics and Science Partnerships,Revenue,Federal,TOTAL REVENUES,TOTAL FEDERAL REVENUES,Mathematics and Science Partnerships,,1,TOTAL NON-COMPENSATION,OTHERS,A44000
A26425,Vacation Pay - Current Portion - GASB 34,,Others,TOTAL LIABILITIES,ACCRUED PAYROLL & BENEFITS,Vacation Pay - Current Portion - GASB 34,,1,TOTAL NON-COMPENSATION,OTHERS,A22000
A24012,Due ESP Pension - Employer,,Others,TOTAL LIABILITIES,DUE MUNICIPAL PENSION FUND,Due ESP Pension - Employer,,1,TOTAL NON-COMPENSATION,OTHERS,A24000
A43235,Agriculture Education,Revenue,State,TOTAL REVENUES,TOTAL STATE REVENUES,Agriculture Education,,1,TOTAL NON-COMPENSATION,OTHERS,A43000
A31150,Capital Asset,,Others,EQUITY AND OTHER CREDITS,INVESTMENTS IN FIXED ASSETS,Capital Asset,,1,TOTAL NON-COMPENSATION,OTHERS,A31000
A12200,Cash And Investments In Escrow,,Others,TOTAL ASSETS,TOTAL CASH AND INVESTMENTS IN ESCROW,Cash And Investments In Escrow,,1,TOTAL NON-COMPENSATION,OTHERS,A12000
A13500,TOTAL ACCOUNTS RECEIVABLE - OTHERS,,Others,TOTAL ASSETS,TOTAL ACCOUNTS RECEIVABLE,TOTAL ACCOUNTS RECEIVABLE - OTHERS,,0,TOTAL NON-COMPENSATION,OTHERS,A13000
A32305,Reserved For Restricted Donations,,Others,EQUITY AND OTHER CREDITS,FUND BALANCES,RESERVED FUND BALANCES,TOTAL RESERVED FOR RESTRICTED DONATIONS,1,TOTAL NON-COMPENSATION,OTHERS,A32300
A32400,TOTAL RESERVED FOR SPECIFIC PURPOSES,,Others,EQUITY AND OTHER CREDITS,FUND BALANCES,RESERVED FUND BALANCES,TOTAL RESERVED FOR SPECIFIC PURPOSES,0,TOTAL NON-COMPENSATION,OTHERS,A32100
A13523,Pay Advance & Recovery - Comb Payroll,,Others,TOTAL ASSETS,TOTAL ACCOUNTS RECEIVABLE,TOTAL ACCOUNTS RECEIVABLE - OTHERS,Pay Advance & Recovery - Comb Payroll,1,TOTAL NON-COMPENSATION,OTHERS,A13500
A21012,Clearing - Hospitalization - COBRA,,Others,TOTAL LIABILITIES,TOTAL ACCOUNTS PAYABLE,Clearing - Hospitalization - COBRA,,1,TOTAL NON-COMPENSATION,OTHERS,A21000
A47510,Bond Discounts,Revenue,Other Financing Sources,,TOTAL BOND DISCOUNTS,Bond Discounts,,1,TOTAL NON-COMPENSATION,OTHERS,A47500
A28050,Arbitrage Liability - Long Term,,Others,TOTAL LIABILITIES,MISCELLANEOUS OTHER LIABILITIES,TOTAL OTHER LONG TERM OBLIGATIONS,Arbitrage Liability - Long Term,1,TOTAL NON-COMPENSATION,OTHERS,A28000
A15020,Check Reversals/Recoveries,,Others,TOTAL ASSETS,TOTAL OTHER ASSETS,Check Reversals/Recoveries,,1,TOTAL NON-COMPENSATION,OTHERS,A15000
A43651,National Board certification Initiatives,Revenue,State,TOTAL REVENUES,TOTAL STATE REVENUES,National Board certification Initiatives,,1,TOTAL NON-COMPENSATION,OTHERS,A43000
A43696,Regional Safe Schools Program Alternative Schools,Revenue,State,TOTAL REVENUES,TOTAL STATE REVENUES,Regional Safe Schools Program Alternative Schools,,1,TOTAL NON-COMPENSATION,OTHERS,A43000
A21020,State Withholding Tax,,Others,TOTAL LIABILITIES,TOTAL ACCOUNTS PAYABLE,State Withholding Tax,,1,TOTAL NON-COMPENSATION,OTHERS,A21000
A21025,US Savings Bonds,,Others,TOTAL LIABILITIES,TOTAL ACCOUNTS PAYABLE,US Savings Bonds,,1,TOTAL NON-COMPENSATION,OTHERS,A21000
A44996,E-Rate - Federal Revenue,Revenue,Federal,TOTAL REVENUES,TOTAL FEDERAL REVENUES,E-Rate - Federal Revenue,,1,TOTAL NON-COMPENSATION,OTHERS,A44000
A34205,Restricted for Grants and Donations,,Others,EQUITY AND OTHER CREDITS,RESTRICTED FUND BALANCE,Restricted for Grants and Donations,,1,TOTAL NON-COMPENSATION,OTHERS,A34200
A31130,Building Bond Rehabilitation,,Others,EQUITY AND OTHER CREDITS,INVESTMENTS IN FIXED ASSETS,Building Bond Rehabilitation,,1,TOTAL NON-COMPENSATION,OTHERS,A31000
A28510,Amount Escheated From School Internal Account,,Others,TOTAL LIABILITIES,TOTAL ACCOUNTS PAYABLE,Amount Escheated From School Internal Account,,1,TOTAL NON-COMPENSATION,OTHERS,A21000
A21185,Hospitalization,,Others,TOTAL LIABILITIES,ACCRUED PAYROLL & BENEFITS,Hospitalization,,1,TOTAL NON-COMPENSATION,OTHERS,A22000
A47610,Payment to Refunded Bond Escrow Agent,Revenue,Other Financing Sources,TOTAL REVENUES,Payment to Refunded Bond Escrow Agent,,,1,TOTAL NON-COMPENSATION,OTHERS,A40000
A51130,Teacher Salaries - Extended Day,Expenditures,Salary,TOTAL ALL EXPENDITURES,TOTAL TEACHER SALARIES,Teacher Salaries - Extended Day,,1,TOTAL EMPLOYEE COMPENSATION,TOTAL SALARIES,A51000
A51320,Bucket Position Pointer,Expenditures,Salary,TOTAL ALL EXPENDITURES,TOTAL TEACHER SALARIES,Bucket Position Pointer,,1,TOTAL EMPLOYEE COMPENSATION,TOTAL SALARIES,A51000
A22330,Deferred Employer Non Fed Pension - Tea,,Others,TOTAL LIABILITIES,ACCRUED PAYROLL & BENEFITS,Deferred Employer Non Fed Pension - Tea,,1,TOTAL NON-COMPENSATION,OTHERS,A22000
A23010,Due Teacher Pension - Govt Funded,,Others,TOTAL LIABILITIES,ACCRUED PAYROLL & BENEFITS,Due Teacher Pension - Govt Funded,,1,TOTAL NON-COMPENSATION,OTHERS,A22000
A52800,Career Service Salaries - Adjustments,Expenditures,Salary,TOTAL ALL EXPENDITURES,TOTAL CAREER SERVICE SALARIES,Career Service Salaries - Adjustments,,1,TOTAL EMPLOYEE COMPENSATION,TOTAL SALARIES,A52000
A12100,Restricted Cash,,Others,TOTAL ASSETS,TOTAL CASH AND INVESTMENTS IN ESCROW,Restricted Cash,,1,TOTAL NON-COMPENSATION,OTHERS,A12000
A54305,Tuition,Expenditures,Contracts,TOTAL ALL EXPENDITURES,TOTAL SERVICES,TOTAL TUITION,Tuition,1,TOTAL NON-COMPENSATION,TOTAL NON-PERSONNEL SERVICES,A54300
A54405,Services - Telephone & Telegraph,Expenditures,Contracts,TOTAL ALL EXPENDITURES,TOTAL SERVICES,TOTAL TELEPHONE,Services - Telephone & Telegraph,1,TOTAL NON-COMPENSATION,TOTAL NON-PERSONNEL SERVICES,A54400
A54505,Seminar Fees - Subscriptions - Professional Memberships,Expenditures,Contracts,TOTAL ALL EXPENDITURES,TOTAL SERVICES,TOTAL OTHER SERVICES,Seminar Fees - Subscriptions - Professional Memberships,1,TOTAL NON-COMPENSATION,TOTAL NON-PERSONNEL SERVICES,A54500
A53205,Commodities - Food Supplies,Expenditures,Commodities,TOTAL ALL EXPENDITURES,TOTAL COMMODITIES,TOTAL FOOD,Commodities - Food Supplies,1,TOTAL NON-COMPENSATION,TOTAL COMMODITIES & UTILITIES,A53200
A53305,Instructional Materials (Non-Digital),Expenditures,Commodities,TOTAL ALL EXPENDITURES,TOTAL COMMODITIES,TOTAL TEXTBOOKS,Instructional Materials (Non-Digital),1,TOTAL NON-COMPENSATION,TOTAL COMMODITIES & UTILITIES,A53300
A57205,Pensions - Employee ESP,Expenditures,Benefits,TOTAL ALL EXPENDITURES,TOTAL FIXED CHARGES,TOTAL CAREER SERVICE PENSION,Pensions - Employee ESP,1,TOTAL EMPLOYEE COMPENSATION,TOTAL EMPLOYEE BENEFITS,A57200
A44009,Other Restricted Direct Federal Grants,Revenue,Federal,TOTAL REVENUES,TOTAL FEDERAL REVENUES,Other Restricted Direct Federal Grants,,1,TOTAL NON-COMPENSATION,OTHERS,A44000
A44099,Other Restricted Direct Federal Grants - Not Thru State,Revenue,Federal,TOTAL REVENUES,TOTAL FEDERAL REVENUES,Other Restricted Direct Federal Grants - Not Thru State,,1,TOTAL NON-COMPENSATION,OTHERS,A44000
A44225,Summer Food Service,Revenue,Federal,TOTAL REVENUES,TOTAL FEDERAL REVENUES,Summer Food Service,,1,TOTAL NON-COMPENSATION,OTHERS,A44000
A41100,TOTAL GENERAL PROPERTY TAXES,Revenue,Others,TOTAL REVENUES,LOCAL SOURCES - REVENUE,TOTAL GENERAL PROPERTY TAXES,,0,TOTAL NON-COMPENSATION,OTHERS,A41000
A41200,TOTAL REPLACEMENT TAXES,Revenue,Others,TOTAL REVENUES,LOCAL SOURCES - REVENUE,TOTAL REPLACEMENT TAXES,,0,TOTAL NON-COMPENSATION,OTHERS,A41000
A45100,TOTAL OTHER,Revenue,Others,TOTAL REVENUES,LOCAL SOURCES - REVENUE,TOTAL OTHER,,0,TOTAL NON-COMPENSATION,OTHERS,A41000
A57806,Lease - Principal Redemption - GASB 87,Expenditures,Contingencies,TOTAL ALL EXPENDITURES,TOTAL FIXED CHARGES,TOTAL DEBT SERVICE,Lease - Principal Redemption - GASB 87,1,TOTAL NON-COMPENSATION,DEBT SERVICE AND PBC RENT,A57800
A57950,Offset Amounts,Expenditures,Contingencies,TOTAL ALL EXPENDITURES,TOTAL FIXED CHARGES,TOTAL OTHER CHARGES,Offset Amounts,1,TOTAL NON-COMPENSATION,TOTAL OTHER CHARGES,A57900
A45120,Drivers education - Student Fees,Revenue,Local,TOTAL REVENUES,LOCAL SOURCES - REVENUE,TOTAL OTHER,Drivers education - Student Fees,1,TOTAL NON-COMPENSATION,OTHERS,A45100
A45126,Interest Income - Lease,Revenue,Local,TOTAL REVENUES,LOCAL SOURCES - REVENUE,TOTAL OTHER,Interest Income - Lease,1,TOTAL NON-COMPENSATION,OTHERS,A45100
A57975,Bad Debt Expense,Expenditures,Contingencies,TOTAL ALL EXPENDITURES,TOTAL FIXED CHARGES,TOTAL OTHER CHARGES,Bad Debt Expense,1,TOTAL NON-COMPENSATION,TOTAL OTHER CHARGES,A57900
A58113,Budget Only - Teacher Salaries - Extended Day,Expenditures,Salary,TOTAL ALL EXPENDITURES,,Budget Only - Teacher Salaries - Extended Day,,1,TOTAL EMPLOYEE COMPENSATION,TOTAL SALARIES,Parallel Accounts
A44625,IDEA Room and Board,Revenue,Federal,TOTAL REVENUES,TOTAL FEDERAL REVENUES,IDEA Room and Board,,1,TOTAL NON-COMPENSATION,OTHERS,A44000
A44851,ARRA - Title I - low Income,Revenue,Federal,TOTAL REVENUES,TOTAL FEDERAL REVENUES,ARRA - Title I - low Income,,1,TOTAL NON-COMPENSATION,OTHERS,A44000
A58213,Budget Only - Career Service Salaries - Extended Day,Expenditures,Salary,TOTAL ALL EXPENDITURES,,Budget Only - Career Service Salaries - Extended Day,,1,TOTAL EMPLOYEE COMPENSATION,TOTAL SALARIES,Parallel Accounts
A58006,Amortization Expense - Lease Asset - GASB 87,Expenditures,Others,Amortization Expense - Lease Asset - GASB 87,,,,1,TOTAL NON-COMPENSATION,OTHERS,All Accounts
