item,col_1 (left col in PDF),col_2 (right col in PDF),source,note
Required Board of Education Contributions,"628,527,000","646,234,000",CTPF Actuarial Valuation 6/30/2025 p.1 Exec Summary,"columns: FY2027 req. / FY2026 req. for contributions; valuation 6/30/2025 / 6/30/2024 for membership, assets"
Additional Board of Education Contributions (0.58 percent of pay),"18,002,000","17,332,000",CTPF Actuarial Valuation 6/30/2025 p.1,"columns: FY2027 req. / FY2026 req. for contributions; valuation 6/30/2025 / 6/30/2024 for membership, assets"
Additional State Contributions (0.544 percent of pay),"16,884,000","16,256,000",CTPF Actuarial Valuation 6/30/2025 p.1,"columns: FY2027 req. / FY2026 req. for contributions; valuation 6/30/2025 / 6/30/2024 for membership, assets"
State Contributions Pursuant to P.A. 100-0465 (Normal Cost),"351,110,000","346,838,000",CTPF Actuarial Valuation 6/30/2025 p.1,"columns: FY2027 req. / FY2026 req. for contributions; valuation 6/30/2025 / 6/30/2024 for membership, assets"
Total Required Employer Contributions,"1,014,523,000","1,026,660,000",CTPF Actuarial Valuation 6/30/2025 p.1,"columns: FY2027 req. / FY2026 req. for contributions; valuation 6/30/2025 / 6/30/2024 for membership, assets"
Active Members,"34,647","33,089",CTPF Actuarial Valuation 6/30/2025 p.1,"columns: FY2027 req. / FY2026 req. for contributions; valuation 6/30/2025 / 6/30/2024 for membership, assets"
Members Receiving Payments,"27,157","27,359",CTPF Actuarial Valuation 6/30/2025 p.1,"columns: FY2027 req. / FY2026 req. for contributions; valuation 6/30/2025 / 6/30/2024 for membership, assets"
Covered Payroll as of the Actuarial Valuation Date,"2,985,484,430","2,866,768,343",CTPF Actuarial Valuation 6/30/2025 p.1,"columns: FY2027 req. / FY2026 req. for contributions; valuation 6/30/2025 / 6/30/2024 for membership, assets"
Annualized Benefit Payments,"1,634,816,154","1,607,588,860",CTPF Actuarial Valuation 6/30/2025 p.1,"columns: FY2027 req. / FY2026 req. for contributions; valuation 6/30/2025 / 6/30/2024 for membership, assets"
Fair Value of Assets (FVA),"13,657,637,993","12,741,782,948",CTPF Actuarial Valuation 6/30/2025 p.1,"columns: FY2027 req. / FY2026 req. for contributions; valuation 6/30/2025 / 6/30/2024 for membership, assets"
Actuarial Value of Assets (AVA),"13,016,274,343","12,898,414,480",CTPF Actuarial Valuation 6/30/2025 p.1,"columns: FY2027 req. / FY2026 req. for contributions; valuation 6/30/2025 / 6/30/2024 for membership, assets"
Actuarial Accrued Liability (AAL),"27,190,208,516","26,835,128,764",CTPF Actuarial Valuation 6/30/2025 p.1,"columns: FY2027 req. / FY2026 req. for contributions; valuation 6/30/2025 / 6/30/2024 for membership, assets"
Unfunded Actuarial Accrued Liability (UAAL),"14,173,934,173","13,936,714,284",CTPF Actuarial Valuation 6/30/2025 p.1,"columns: FY2027 req. / FY2026 req. for contributions; valuation 6/30/2025 / 6/30/2024 for membership, assets"
Funded Ratio based on Actuarial Value of Assets,47.87%,48.07%,CTPF Actuarial Valuation 6/30/2025 p.1,"columns: FY2027 req. / FY2026 req. for contributions; valuation 6/30/2025 / 6/30/2024 for membership, assets"
Total Normal Cost Amount (Including Admin. Expenses),"553,910,606","538,756,738",CTPF Actuarial Valuation 6/30/2025 p.1,"columns: FY2027 req. / FY2026 req. for contributions; valuation 6/30/2025 / 6/30/2024 for membership, assets"
Employer's Normal Cost Amount (Including Admin. Expenses),"283,393,688","278,649,630",CTPF Actuarial Valuation 6/30/2025 p.1,"columns: FY2027 req. / FY2026 req. for contributions; valuation 6/30/2025 / 6/30/2024 for membership, assets"
Retirees: number / average annual benefit / total annual benefit,"23,350 / $64,860 / $1,514,469,736","23,556 / $63,312 / $1,491,374,326",CTPF Actuarial Valuation 6/30/2025 Table 11 p.44,valuation 6/30/2025 / 6/30/2024
Disabled retirees: number / average / total,"408 / $47,128 / $19,228,116","415 / $45,853 / $19,028,934",CTPF Actuarial Valuation 6/30/2025 Table 11 p.44,valuation 6/30/2025 / 6/30/2024
Beneficiaries: number / average / total,"3,399 / $29,749 / $101,118,302","3,388 / $28,685 / $97,185,601",CTPF Actuarial Valuation 6/30/2025 Table 11 p.44,valuation 6/30/2025 / 6/30/2024
Active members: average salary,"$84,796","$85,362",CTPF Actuarial Valuation 6/30/2025 Table 11 p.44,valuation 6/30/2025 / 6/30/2024
