unit,unit_name,project_number,project_name,project_type,main_category,sub_category,source,status,ward,alderman,budget,design,construction,environmental,management,pdf_url
12150,Capital/Operations - City Wide,2026-12150-ADA,Student Accomodations,ADA Improvements,Facility Needs,ADA Accommodations,District Priority,Planning,Multiple,Multiple,525000,,,,,http://schoolreports.cps.edu/capitalplan/FY26__FACILITY NEEDS_ADAProgramStudentAccommodation_ADA_2025-07-14.pdf
12150,Capital/Operations - City Wide,2026-12150-FAS,Misc Fire Alarms,Fire Alarm Replacement Program,Facility Needs,Mechanical & Electrical,Needs Assessment,Planning,Multiple,Multiple,1501977,,,,,http://schoolreports.cps.edu/capitalplan/FY26__FACILITY NEEDS_FireAlarmReplacementProgram_FAS_2025-07-14.pdf
12150,Capital/Operations - City Wide,2026-12150-MEP,Various Targeted MEP Minor Repair/Replacement Bucket,"Mechanical, Electrical & Plumbing Renovation",Facility Needs,Mechanical & Electrical,Needs Assessment,Planning,Multiple,Multiple,10000000,,,,,http://schoolreports.cps.edu/capitalplan/FY26__FACILITY NEEDS_VariousTargetedMEPMinorRepairReplacement_2025-07-14.pdf
12150,Capital/Operations - City Wide,2026-12150-NCP,Space To Grow,Facility Site Improvements,Facility Site Improvements,Others,District Priority,Planning,Multiple,Multiple,5300000,,,,,http://schoolreports.cps.edu/capitalplan/FY26__SITE IMPROVEMENTS_SpaceToGrow_NCP_2025-07-14.pdf
12150,Capital/Operations - City Wide,2026-12150-NCP,Space To Grow,Facility Site Improvements,Facility Site Improvements,Others,External Funding,Planning,Multiple,Multiple,10600000,,,,,http://schoolreports.cps.edu/capitalplan/FY26__SITE IMPROVEMENTS_SpaceToGrow_NCP_2025-07-14.pdf
12150,Capital/Operations - City Wide,2026-12150-SIT,Site Upgrades,Facility Site Improvements,Facility Site Improvements,Others,District Priority,Planning,Multiple,Multiple,5000000,,,,,http://schoolreports.cps.edu/capitalplan/FY26__SITE IMPROVEMENTS_SiteUpgrades_2025-07-14.pdf
12150,Capital/Operations - City Wide,TBD,Capital Project Support Services,CIP Management,Management/Administrative,Others,Others,Planning,Multiple,Multiple,23000000,,,,,http://schoolreports.cps.edu/capitalplan/FY26__CAPITAL PROJECT SUPPORT SERVICES_CapitalProjectSupportServices_2025-07-14.pdf
12150,Capital/Operations - City Wide,TBD,Critical School Facility/Security Equipment,"Furniture, Fixtures and Equipment","IT, Security and Other Projects",Others,District Priority,Planning,Multiple,Multiple,5500000,,,,,"http://schoolreports.cps.edu/capitalplan/FY26__ IT, SECURITY, AND OTHER INVESTMENTS_CriticalSchoolFacilitySecurityEquipment_2025-07-14.pdf"
12150,Capital/Operations - City Wide,TBD,Emergency/Unanticipated Facility Repairs,Contingency,Facility Needs,Contingency,Needs Assessment,Planning,Multiple,Multiple,80000000,,,,,http://schoolreports.cps.edu/capitalplan/FY26__FACILITY NEEDS_EmergencyUnanticipatedFacilityRepairs_2025-07-14.pdf
12150,Capital/Operations - City Wide,TBD,Energy Retrofit Program,Energy Performance Initiative,Facility Needs,Others,Others,Planning,Multiple,Multiple,10000000,,,,,http://schoolreports.cps.edu/capitalplan/FY26__FACILITY NEEDS_EnergyRetrofitandGreenInitiativesProgram_2025-07-14.pdf
12150,Capital/Operations - City Wide,TBD,Keyless Entry Program,Facility Site Improvements,Facility Needs,Interior Renovation,District Priority,Planning,Multiple,Multiple,1000000,,,,,http://schoolreports.cps.edu/capitalplan/FY26__FACILITY NEEDS_KeylessEntryProgram_2025-07-14.pdf
12150,Capital/Operations - City Wide,TBD,Masonry Remediation Program,Major Renovation,Facility Needs,Building Envelope Renovations,Needs Assessment,Planning,Multiple,Multiple,3000000,,,,,http://schoolreports.cps.edu/capitalplan/FY26__FACILITY NEEDS_MasonryRemediationProgram_STR_2025-07-14.pdf
12150,Capital/Operations - City Wide,TBD,Potentially Outside Funded State Projects,Facility Site Improvements,Facility Needs,Others,District Priority,Planning,Multiple,Multiple,5000000,,,,,http://schoolreports.cps.edu/capitalplan/FY26__FACILITY NEEDS_PotentiallyOutsideFundedStateProjects_2025-07-14.pdf
12150,Capital/Operations - City Wide,TBD,Potentially Outside Funded State Projects,Facility Site Improvements,Facility Needs,Others,External Funding,Planning,Multiple,Multiple,25000000,,,,,http://schoolreports.cps.edu/capitalplan/FY26__FACILITY NEEDS_PotentiallyOutsideFundedStateProjects_2025-07-14.pdf
12150,Capital/Operations - City Wide,TBD,Space Consolidation/Efficiency,Interior Improvements,Building Interior,Others,District Priority,Planning,Multiple,Multiple,5000000,,,,,http://schoolreports.cps.edu/capitalplan/FY26__INTERIOR IMPROVEMENTS_OtherInteriorRenovations_2025-07-14.pdf
12510,Information & Technology Services,TBD,"IT - Centralized (DC, CO etc.)",IT Initiatives - Capital IT Initiatives,"IT, Security and Other Projects",Information and Technology Services,District Priority,Planning,Multiple,Multiple,108000000,,,,,"http://schoolreports.cps.edu/capitalplan/FY26__ IT, SECURITY, AND OTHER INVESTMENTS_ITCentralizedDataNetworkUpgrades_2025-07-14.pdf"
12510,Information & Technology Services,TBD,"IT - Centralized (DC, CO etc.)",IT Initiatives - Capital IT Initiatives,"IT, Security and Other Projects",Information and Technology Services,External Funding,Planning,Multiple,Multiple,5015321,,,,,"http://schoolreports.cps.edu/capitalplan/FY26__ IT, SECURITY, AND OTHER INVESTMENTS_ITCentralizedDataNetworkUpgrades_2025-07-14.pdf"
22041,Louisa May Alcott College Preparatory ES,2026-22041-BRM,ALCOTT ES,Interior Renovation,Building Interior,Interior Renovation,District Priority,Planning,43,Timmy Knudsen,900000,,,,,http://schoolreports.cps.edu/capitalplan/FY26__INTERIOR IMPROVEMENTS_RestroomModerization_BRM_2025-07-14.pdf
22101,Avalon Park Elementary School,2026-22101-ADA,AVALON PARK,ADA Improvements,Facility Needs,ADA Accommodations,District Priority,Planning,8,Michelle A. Harris,744975,,,,,http://schoolreports.cps.edu/capitalplan/FY26__FACILITY NEEDS_ADAProgramStudentAccommodation_ADA_2025-07-14.pdf
22261,James G Blaine Elementary School,2026-22261-FAS,BLAINE,Fire Alarm Replacement Program,Facility Needs,Mechanical & Electrical,Needs Assessment,Planning,46,Angela Clay,1035783,,,,,http://schoolreports.cps.edu/capitalplan/FY26__FACILITY NEEDS_FireAlarmReplacementProgram_FAS_2025-07-14.pdf
22271,Mosaic School of Fine Arts,2026-22271-ROF,MOSAIC,Roof Renovation,Facility Needs,Building Envelope Renovations,Needs Assessment,Planning,50,Debra Silverstein,8080000,808000,6423600,404000,444400,http://schoolreports.cps.edu/capitalplan/FY26__FACILITY NEEDS_MOSAIC_ROF_2025-07-14.pdf
22301,Alex Haley Elementary Academy,2026-22301-ROF,HALEY,Roof Renovation,Facility Needs,Building Envelope Renovations,Needs Assessment,Planning,21,"Ronnie Mosely, Jr.",6970000,697000,5541150,348500,383350,http://schoolreports.cps.edu/capitalplan/FY26__FACILITY NEEDS_HALEY_ROF_2025-07-14.pdf
22311,Lorenz Brentano Math & Science Academy ES,2026-22311-FAS,BRENTANO,Fire Alarm Replacement Program,Facility Needs,Mechanical & Electrical,Needs Assessment,Planning,1,Daniel La Spata,1229592,,,,,http://schoolreports.cps.edu/capitalplan/FY26__FACILITY NEEDS_FireAlarmReplacementProgram_FAS_2025-07-14.pdf
22411,Edmond Burke Elementary School,TBD,BURKE,Programmatic Investments,Educational Programming,Building Interior,District Priority,Planning,3,Patricia R. Dowell,20000,,,,,http://schoolreports.cps.edu/capitalplan/FY26__PROGRAMMATIC INVESTMENTS_ProgrammaticInitiatives_2025-07-14.pdf
22501,Michael M Byrne Elementary School,2026-22501-NPL,BYRNE,Playlots,Facility Site Improvements,New Playlot Program,District Priority,Planning,23,Silvana Tabares,900000,,,,,http://schoolreports.cps.edu/capitalplan/FY26__SITE IMPROVEMENTS_PlaygroundPlaylotReplacement_NPL_2025-07-14.pdf
22531,Daniel R Cameron Elementary School,2026-22531-BAS,CAMERON,Building Automation System,Facility Needs,Mechanical & Electrical,Needs Assessment,Planning,36,Gilbert Villegas,300000,,,,,http://schoolreports.cps.edu/capitalplan/FY26__FACILITY NEEDS_BASUpgrades_BAS_2025-07-14.pdf
22541,Arthur E Canty Elementary School,2026-22541-MEP,CANTY,"Mechanical, Electrical & Plumbing Renovation",Facility Needs,Mechanical & Electrical,Needs Assessment,Planning,38,Nicholas Sposato,8275000,827500,6578625,413750,455125,http://schoolreports.cps.edu/capitalplan/FY26__FACILITY NEEDS_CANTY_MEP_2025-07-14.pdf
22551,Andrew Carnegie Elementary School,2026-22551-FAS,CARNEGIE,Fire Alarm Replacement Program,Facility Needs,Mechanical & Electrical,Needs Assessment,Planning,5,Desmon C. Yancy,671779.5,,,,,http://schoolreports.cps.edu/capitalplan/FY26__FACILITY NEEDS_FireAlarmReplacementProgram_FAS_2025-07-14.pdf
22701,Salmon P Chase Elementary School,2026-22701-NPL,CHASE,Playlots,Facility Site Improvements,New Playlot Program,District Priority,Planning,1,Daniel La Spata,200000,,,,,http://schoolreports.cps.edu/capitalplan/FY26__SITE IMPROVEMENTS_PlaygroundPlaylotReplacement_NPL_2025-07-14.pdf
22741,Grover Cleveland Elementary School,TBD,CLEVELAND,Programmatic Investments,Educational Programming,Building Interior,District Priority,Planning,33,Rossana Rodriguez-Sanchez,20000,,,,,http://schoolreports.cps.edu/capitalplan/FY26__PROGRAMMATIC INVESTMENTS_ProgrammaticInitiatives_2025-07-14.pdf
22761,Henry R Clissold Elementary School,2026-22761-MEP,CLISSOLD,"Mechanical, Electrical & Plumbing Renovation",Facility Needs,Mechanical & Electrical,Needs Assessment,Planning,19,Matthew J. O'Shea,5620000,562000,4467900,281000,309100,http://schoolreports.cps.edu/capitalplan/FY26__FACILITY NEEDS_CLISSOLD_MEP_2025-07-14.pdf
22831,Peter Cooper Elementary Dual Language Academy,2026-22831-NPL,COOPER,Playlots,Facility Site Improvements,New Playlot Program,District Priority,Planning,25,Byron Sigcho-Lopez,900000,,,,,http://schoolreports.cps.edu/capitalplan/FY26__SITE IMPROVEMENTS_PlaygroundPlaylotReplacement_NPL_2025-07-14.pdf
22951,Dewey Elementary Academy of Fine Arts,2026-22951-NPL,DEWEY,Playlots,Facility Site Improvements,New Playlot Program,District Priority,Planning,16,Stephanie Coleman,900000,,,,,http://schoolreports.cps.edu/capitalplan/FY26__SITE IMPROVEMENTS_PlaygroundPlaylotReplacement_NPL_2025-07-14.pdf
23021,Thomas Drummond Elementary School,TBD,DRUMMOND,Programmatic Investments,Educational Programming,Building Interior,District Priority,Planning,32,Scott Waguespack,20000,,,,,http://schoolreports.cps.edu/capitalplan/FY26__PROGRAMMATIC INVESTMENTS_ProgrammaticInitiatives_2025-07-14.pdf
23141,Edward Everett Elementary School,2026-23141-FAS,EVERETT,Fire Alarm Replacement Program,Facility Needs,Mechanical & Electrical,Needs Assessment,Planning,12,Julia M. Ramirez,502425,,,,,http://schoolreports.cps.edu/capitalplan/FY26__FACILITY NEEDS_FireAlarmReplacementProgram_FAS_2025-07-14.pdf
23281,Robert Fulton Elementary School,2026-23281-ADA,FULTON,ADA Improvements,Facility Needs,ADA Accommodations,District Priority,Planning,16,Stephanie Coleman,1000175,,,,,http://schoolreports.cps.edu/capitalplan/FY26__FACILITY NEEDS_ADAProgramStudentAccommodation_ADA_2025-07-14.pdf
23281,Robert Fulton Elementary School,TBD,FULTON,Programmatic Investments,Educational Programming,Building Interior,District Priority,Planning,16,Stephanie Coleman,20000,,,,,http://schoolreports.cps.edu/capitalplan/FY26__PROGRAMMATIC INVESTMENTS_ProgrammaticInitiatives_2025-07-14.pdf
23291,Frederick Funston Elementary School,2026-23291-ROF,FUNSTON,Roof Renovation,Facility Needs,Building Envelope Renovations,Needs Assessment,Planning,26,Jessica Fuentes,4580000,458000,3641100,229000,251900,http://schoolreports.cps.edu/capitalplan/FY26__FACILITY NEEDS_FUNSTON_ROF_2025-07-14.pdf
23311,Joseph E Gary Elementary School,2026-23311-BAS,GARY,Building Automation System,Facility Needs,Mechanical & Electrical,Needs Assessment,Planning,22,Michael Rodriguez,500000,,,,,http://schoolreports.cps.edu/capitalplan/FY26__FACILITY NEEDS_BASUpgrades_BAS_2025-07-14.pdf
23321,Frank L Gillespie Elementary School,2026-23321-ROF,GILLESPIE,Roof Renovation,Facility Needs,Building Envelope Renovations,Needs Assessment,Planning,6,William E. Hall,7560000,756000,6010200,378000,415800,http://schoolreports.cps.edu/capitalplan/FY26__FACILITY NEEDS_GILLESPIE_ROF_2025-07-14.pdf
23361,Virgil Grissom Elementary School,2026-23361-BRM,GRISSOM,Interior Renovation,Building Interior,Interior Renovation,District Priority,Planning,10,Peter Chico,900000,,,,,http://schoolreports.cps.edu/capitalplan/FY26__INTERIOR IMPROVEMENTS_RestroomModerization_BRM_2025-07-14.pdf
23461,Robert L Grimes Elementary School,2026-23461-FAS,GRIMES,Fire Alarm Replacement Program,Facility Needs,Mechanical & Electrical,Needs Assessment,Planning,13,Marty Quinn,181093.5,,,,,http://schoolreports.cps.edu/capitalplan/FY26__FACILITY NEEDS_FireAlarmReplacementProgram_FAS_2025-07-14.pdf
23461,Robert L Grimes Elementary School,2026-23461-MEP,GRIMES,"Mechanical, Electrical & Plumbing Renovation",Facility Needs,Mechanical & Electrical,Needs Assessment,Planning,13,Marty Quinn,2725000,272500,2166375,136250,149875,http://schoolreports.cps.edu/capitalplan/FY26__FACILITY NEEDS_GRIMES_MEP_2025-07-14.pdf
23481,John Charles Haines Elementary School,2026-23481-ROF,HAINES,Roof Renovation,Facility Needs,Building Envelope Renovations,Needs Assessment,Planning,11,Nicole T. Lee,3630000,363000,2885850,181500,199650,http://schoolreports.cps.edu/capitalplan/FY26__FACILITY NEEDS_HAINES_ROF_2025-07-14.pdf
23501,Alexander Hamilton Elementary School,2026-23501-MEP,HAMILTON,"Mechanical, Electrical & Plumbing Renovation",Facility Needs,Mechanical & Electrical,Needs Assessment,Planning,47,Matthew J. Martin,4535000,453500,3605325,226750,249425,http://schoolreports.cps.edu/capitalplan/FY26__FACILITY NEEDS_HAMILTON_MEP_2025-07-14.pdf
23511,John H Hamline Elementary School,2026-23511-NPL,HAMLINE,Playlots,Facility Site Improvements,New Playlot Program,District Priority,Planning,20,Jeanette B. Taylor,900000,,,,,http://schoolreports.cps.edu/capitalplan/FY26__SITE IMPROVEMENTS_PlaygroundPlaylotReplacement_NPL_2025-07-14.pdf
23551,Sharon Christa McAuliffe Elementary School,2026-23551-ROF,MCAULIFFE,Roof Renovation,Facility Needs,Building Envelope Renovations,Needs Assessment,Planning,26,Jessica Fuentes,5100000,510000,4054500,255000,280500,http://schoolreports.cps.edu/capitalplan/FY26__FACILITY NEEDS_MCAULIFFE_ROF_2025-07-14.pdf
23721,Charles R Henderson Elementary School,2026-23721-STK,HENDERSON,Chimney Renovation,Facility Needs,Chimney Improvements,Needs Assestments,Planning,15,Raymond A. Lopez,630000,,,,,http://schoolreports.cps.edu/capitalplan/FY26__FACILITY NEEDS_ChimneyStabilizationProgram_STK_2025-07-14.pdf
23791,Agustin Lara Elementary Academy,2026-23791-BRM,LARA,Interior Renovation,Building Interior,Interior Renovation,District Priority,Planning,15,Raymond A. Lopez,900000,,,,,http://schoolreports.cps.edu/capitalplan/FY26__INTERIOR IMPROVEMENTS_RestroomModerization_BRM_2025-07-14.pdf
23791,Agustin Lara Elementary Academy,2026-23791-FAS,LARA,Fire Alarm Replacement Program,Facility Needs,Mechanical & Electrical,Needs Assessment,Planning,15,Raymond A. Lopez,713622,,,,,http://schoolreports.cps.edu/capitalplan/FY26__FACILITY NEEDS_FireAlarmReplacementProgram_FAS_2025-07-14.pdf
23891,Countee Cullen Elementary School,2026-23891-FAS,CULLEN,Fire Alarm Replacement Program,Facility Needs,Mechanical & Electrical,Needs Assessment,Planning,9,Anthony A. Beale,272233.5,,,,,http://schoolreports.cps.edu/capitalplan/FY26__FACILITY NEEDS_FireAlarmReplacementProgram_FAS_2025-07-14.pdf
23931,Minnie Mars Jamieson Elementary School,TBD,JAMIESON,Programmatic Investments,Educational Programming,Building Interior,District Priority,Planning,50,Debra Silverstein,600000,,,,,http://schoolreports.cps.edu/capitalplan/FY26__PROGRAMMATIC INVESTMENTS_ProgrammaticInitiatives_2025-07-14.pdf
24021,Joyce Kilmer Elementary School,2026-24021-NPL,KILMER,Playlots,Facility Site Improvements,New Playlot Program,District Priority,Planning,49,Maria E. Hadden,900000,,,,,http://schoolreports.cps.edu/capitalplan/FY26__SITE IMPROVEMENTS_PlaygroundPlaylotReplacement_NPL_2025-07-14.pdf
24051,Lazaro Cardenas Elementary School,2026-24051-FAS,CARDENAS,Fire Alarm Replacement Program,Facility Needs,Mechanical & Electrical,Needs Assessment,Planning,22,Michael Rodriguez,689535,,,,,http://schoolreports.cps.edu/capitalplan/FY26__FACILITY NEEDS_FireAlarmReplacementProgram_FAS_2025-07-14.pdf
24131,Wendell E Green Elementary School,2026-24131-ADA,GREEN,ADA Improvements,Facility Needs,ADA Accommodations,District Priority,Planning,21,"Ronnie Mosely, Jr.",859332,,,,,http://schoolreports.cps.edu/capitalplan/FY26__FACILITY NEEDS_ADAProgramStudentAccommodation_ADA_2025-07-14.pdf
24151,Leslie Lewis Elementary School,2026-24151-STK,LEWIS,Chimney Renovation,Facility Needs,Chimney Improvements,Needs Assestments,Planning,37,Emma Mitts,630000,,,,,http://schoolreports.cps.edu/capitalplan/FY26__FACILITY NEEDS_ChimneyStabilizationProgram_STK_2025-07-14.pdf
24171,Arthur A Libby Elementary School,TBD,LIBBY,Programmatic Investments,Educational Programming,Building Interior,District Priority,Planning,20,Jeanette B. Taylor,20000,,,,,http://schoolreports.cps.edu/capitalplan/FY26__PROGRAMMATIC INVESTMENTS_ProgrammaticInitiatives_2025-07-14.pdf
24241,Joseph Lovett Elementary School,TBD,LOVETT,Programmatic Investments,Educational Programming,Building Interior,District Priority,Planning,29,Chris Taliaferro,600000,,,,,http://schoolreports.cps.edu/capitalplan/FY26__PROGRAMMATIC INVESTMENTS_ProgrammaticInitiatives_2025-07-14.pdf
24251,James Russell Lowell Elementary School,2026-24251-BRM,LOWELL,Interior Renovation,Building Interior,Interior Renovation,District Priority,Planning,26,Jessica Fuentes,300000,,,,,http://schoolreports.cps.edu/capitalplan/FY26__INTERIOR IMPROVEMENTS_RestroomModerization_BRM_2025-07-14.pdf
24431,Cyrus H McCormick Elementary School,2026-24431-ROF,MCCORMICK,Roof Renovation,Facility Needs,Building Envelope Renovations,Needs Assessment,Planning,22,Michael Rodriguez,1660000,166000,1319700,83000,91300,http://schoolreports.cps.edu/capitalplan/FY26__FACILITY NEEDS_MCCORMICK_ROF_2025-07-14.pdf
24551,Bernhard Moos Elementary School,2026-24551-NPL,MOOS,Playlots,Facility Site Improvements,New Playlot Program,District Priority,Planning,26,Jessica Fuentes,900000,,,,,http://schoolreports.cps.edu/capitalplan/FY26__SITE IMPROVEMENTS_PlaygroundPlaylotReplacement_NPL_2025-07-14.pdf
24591,Mount Greenwood Elementary School,2026-24591-BRM,MOUNT GREENWOOD,Interior Renovation,Building Interior,Interior Renovation,District Priority,Planning,19,Matthew J. O'Shea,900000,,,,,http://schoolreports.cps.edu/capitalplan/FY26__INTERIOR IMPROVEMENTS_RestroomModerization_BRM_2025-07-14.pdf
24611,Wolfgang A Mozart Elementary School,2026-24611-BRM,MOZART,Interior Renovation,Building Interior,Interior Renovation,District Priority,Planning,35,Carlos Ramirez-Rosa,900000,,,,,http://schoolreports.cps.edu/capitalplan/FY26__INTERIOR IMPROVEMENTS_RestroomModerization_BRM_2025-07-14.pdf
24661,Louis Nettelhorst Elementary School,2026-24661-FAS,NETTELHORST,Fire Alarm Replacement Program,Facility Needs,Mechanical & Electrical,Needs Assessment,Planning,44,Bennet Lawson,1097145,,,,,http://schoolreports.cps.edu/capitalplan/FY26__FACILITY NEEDS_FireAlarmReplacementProgram_FAS_2025-07-14.pdf
24721,West Park Elementary Academy,2026-24721-BAS,WEST PARK,Building Automation System,Facility Needs,Mechanical & Electrical,Needs Assessment,Planning,36,Gilbert Villegas,400000,,,,,http://schoolreports.cps.edu/capitalplan/FY26__FACILITY NEEDS_BASUpgrades_BAS_2025-07-14.pdf
24721,West Park Elementary Academy,TBD,WEST PARK,Programmatic Investments,Educational Programming,Building Interior,District Priority,Planning,36,Gilbert Villegas,20000,,,,,http://schoolreports.cps.edu/capitalplan/FY26__PROGRAMMATIC INVESTMENTS_ProgrammaticInitiatives_2025-07-14.pdf
24761,William J Onahan Elementary School,2026-24761-STK,ONAHAN,Chimney Renovation,Facility Needs,Chimney Improvements,Needs Assestments,Planning,41,Anthony V. Napolitano,630000,,,,,http://schoolreports.cps.edu/capitalplan/FY26__FACILITY NEEDS_ChimneyStabilizationProgram_STK_2025-07-14.pdf
24771,Oriole Park Elementary School,2026-24771-STK,ORIOLE PARK,Chimney Renovation,Facility Needs,Chimney Improvements,Needs Assestments,Planning,41,Anthony V. Napolitano,630000,,,,,http://schoolreports.cps.edu/capitalplan/FY26__FACILITY NEEDS_ChimneyStabilizationProgram_STK_2025-07-14.pdf
24781,Brian Piccolo Elementary Specialty School,2026-24781-BAS,PICCOLO,Building Automation System,Facility Needs,Mechanical & Electrical,Needs Assessment,Planning,37,Emma Mitts,500000,,,,,http://schoolreports.cps.edu/capitalplan/FY26__FACILITY NEEDS_BASUpgrades_BAS_2025-07-14.pdf
24881,Washington Irving Elementary School,2026-24881-MEP,IRVING,"Mechanical, Electrical & Plumbing Renovation",Facility Needs,Mechanical & Electrical,Needs Assessment,Planning,28,Jason C. Ervin,6805000,680500,5409975,340250,374275,http://schoolreports.cps.edu/capitalplan/FY26__FACILITY NEEDS_IRVING_MEP_2025-07-14.pdf
24891,Helen Peirce International Studies ES,2026-24891-BRM,PEIRCE,Interior Renovation,Building Interior,Interior Renovation,District Priority,Planning,48,Leni Manaa-Hoppenworth,900000,,,,,http://schoolreports.cps.edu/capitalplan/FY26__INTERIOR IMPROVEMENTS_RestroomModerization_BRM_2025-07-14.pdf
24921,Harold Washington Elementary School,2026-24921-ICR,WASHINGTON H ES,Interior Renovation,Building Interior,Building Interior,District Priority,Planning,8,Michelle A. Harris,1500000,,,,,http://schoolreports.cps.edu/capitalplan/FY26__INTERIOR IMPROVEMENTS_OtherInteriorRenovations_2025-07-14.pdf
24961,Josiah Pickard Elementary School,2026-24961-MEP,PICKARD,"Mechanical, Electrical & Plumbing Renovation",Facility Needs,Mechanical & Electrical,Needs Assessment,Planning,25,Byron Sigcho-Lopez,7445000,744500,5918775,372250,409475,http://schoolreports.cps.edu/capitalplan/FY26__FACILITY NEEDS_PICKARD_MEP_2025-07-14.pdf
25091,William C Reavis Math & Science Specialty ES,2026-25091-ROF,REAVIS,Roof Renovation,Facility Needs,Building Envelope Renovations,Needs Assessment,Planning,4,Lamont Robinson,4570000,457000,3633150,228500,251350,http://schoolreports.cps.edu/capitalplan/FY26__FACILITY NEEDS_REAVIS_ROF_2025-07-14.pdf
25121,Paul Revere Elementary School,2026-25121-BRM,REVERE,Interior Renovation,Building Interior,Interior Renovation,District Priority,Planning,5,Desmon C. Yancy,900000,,,,,http://schoolreports.cps.edu/capitalplan/FY26__INTERIOR IMPROVEMENTS_RestroomModerization_BRM_2025-07-14.pdf
25181,Martha Ruggles Elementary School,2026-25181-ADA,RUGGLES,ADA Improvements,Facility Needs,ADA Accommodations,District Priority,Planning,6,William E. Hall,754050,,,,,http://schoolreports.cps.edu/capitalplan/FY26__FACILITY NEEDS_ADAProgramStudentAccommodation_ADA_2025-07-14.pdf
25181,Martha Ruggles Elementary School,2026-25181-BRM,RUGGLES,Interior Renovation,Building Interior,Interior Renovation,District Priority,Planning,6,William E. Hall,900000,,,,,http://schoolreports.cps.edu/capitalplan/FY26__INTERIOR IMPROVEMENTS_RestroomModerization_BRM_2025-07-14.pdf
25241,Jonathan Y Scammon Elementary School,2026-25241-STK,SCAMMON,Chimney Renovation,Facility Needs,Chimney Improvements,Needs Assestments,Planning,30,Ruth Cruz,630000,,,,,http://schoolreports.cps.edu/capitalplan/FY26__FACILITY NEEDS_ChimneyStabilizationProgram_STK_2025-07-14.pdf
25341,William T Sherman Elementary School,2026-25341-FAS,SHERMAN,Fire Alarm Replacement Program,Facility Needs,Mechanical & Electrical,Needs Assessment,Planning,20,Jeanette B. Taylor,223177.5,,,,,http://schoolreports.cps.edu/capitalplan/FY26__FACILITY NEEDS_FireAlarmReplacementProgram_FAS_2025-07-14.pdf
25391,Theophilus Schmid Elementary School,2026-25391-FAS,SCHMID,Fire Alarm Replacement Program,Facility Needs,Mechanical & Electrical,Needs Assessment,Planning,8,Michelle A. Harris,198639,,,,,http://schoolreports.cps.edu/capitalplan/FY26__FACILITY NEEDS_FireAlarmReplacementProgram_FAS_2025-07-14.pdf
25401,Washington D Smyser Elementary School,TBD,SMYSER,Programmatic Investments,Educational Programming,Building Interior,District Priority,Planning,38,Nicholas Sposato,20000,,,,,http://schoolreports.cps.edu/capitalplan/FY26__PROGRAMMATIC INVESTMENTS_ProgrammaticInitiatives_2025-07-14.pdf
25441,Spencer Technology Academy,2026-25441-FAS,SPENCER,Fire Alarm Replacement Program,Facility Needs,Mechanical & Electrical,Needs Assessment,Planning,28,Jason C. Ervin,236250,,,,,http://schoolreports.cps.edu/capitalplan/FY26__FACILITY NEEDS_FireAlarmReplacementProgram_FAS_2025-07-14.pdf
25471,Adlai E Stevenson Elementary School,2026-25471-BRM,STEVENSON,Interior Renovation,Building Interior,Interior Renovation,District Priority,Planning,18,Derrick Curtis,900000,,,,,http://schoolreports.cps.edu/capitalplan/FY26__INTERIOR IMPROVEMENTS_RestroomModerization_BRM_2025-07-14.pdf
25541,William K New Sullivan Elementary School,2026-25541-BAS,NEW SULLIVAN,Building Automation System,Facility Needs,Mechanical & Electrical,Needs Assessment,Planning,10,Peter Chico,500000,,,,,http://schoolreports.cps.edu/capitalplan/FY26__FACILITY NEEDS_BASUpgrades_BAS_2025-07-14.pdf
25561,Elizabeth H Sutherland Elementary School,2026-25561-FAS,SUTHERLAND,Fire Alarm Replacement Program,Facility Needs,Mechanical & Electrical,Needs Assessment,Planning,19,Matthew J. O'Shea,109599,,,,,http://schoolreports.cps.edu/capitalplan/FY26__FACILITY NEEDS_FireAlarmReplacementProgram_FAS_2025-07-14.pdf
25591,Douglas Taylor Elementary School,2026-25591-ADA,TAYLOR,ADA Improvements,Facility Needs,ADA Accommodations,District Priority,Planning,10,Peter Chico,881100,,,,,http://schoolreports.cps.edu/capitalplan/FY26__FACILITY NEEDS_ADAProgramStudentAccommodation_ADA_2025-07-14.pdf
25601,James N Thorp Elementary School,2026-25601-ROF,THORP J,Roof Renovation,Facility Needs,Building Envelope Renovations,Needs Assessment,Planning,10,Peter Chico,8570000,857000,6813150,428500,471350,http://schoolreports.cps.edu/capitalplan/FY26__FACILITY NEEDS_THORPJ_ROF_2025-07-14.pdf
25631,Monarcas Academy,2026-25631-ROF,MONARCAS,Roof Renovation,Facility Needs,Building Envelope Renovations,Needs Assessment,Planning,14,Jeylu B. Gutierrez,5100000,510000,4054500,255000,280500,http://schoolreports.cps.edu/capitalplan/FY26__FACILITY NEEDS_MONARCAS_ROF_2025-07-14.pdf
25771,George Washington Elementary School,2026-25771-BRM,WASHINGTON G ES,Interior Renovation,Building Interior,Interior Renovation,District Priority,Planning,10,Peter Chico,900000,,,,,http://schoolreports.cps.edu/capitalplan/FY26__INTERIOR IMPROVEMENTS_RestroomModerization_BRM_2025-07-14.pdf
25791,Daniel Webster Elementary School,2026-25791-ADA,WEBSTER,ADA Improvements,Facility Needs,ADA Accommodations,District Priority,Planning,24,Monique Scott,636075,,,,,http://schoolreports.cps.edu/capitalplan/FY26__FACILITY NEEDS_ADAProgramStudentAccommodation_ADA_2025-07-14.pdf
25791,Daniel Webster Elementary School,TBD,WEBSTER,Programmatic Investments,Educational Programming,Building Interior,District Priority,Planning,24,Monique Scott,20000,,,,,http://schoolreports.cps.edu/capitalplan/FY26__PROGRAMMATIC INVESTMENTS_ProgrammaticInitiatives_2025-07-14.pdf
25941,Carrie Jacobs Bond Elementary School,2026-25941-ADA,BOND,ADA Improvements,Facility Needs,ADA Accommodations,District Priority,Planning,16,Stephanie Coleman,737000,,,,,http://schoolreports.cps.edu/capitalplan/FY26__FACILITY NEEDS_ADAProgramStudentAccommodation_ADA_2025-07-14.pdf
25952,Peace & Education Coalition HS,2026-25952-ADA,PEACE AND EDUCATION HS,ADA Improvements,Facility Needs,ADA Accommodations,District Priority,Planning,20,Jeanette B. Taylor,542327,,,,,http://schoolreports.cps.edu/capitalplan/FY26__FACILITY NEEDS_ADAProgramStudentAccommodation_ADA_2025-07-14.pdf
26191,Arthur R Ashe Elementary School,2026-26191-ROF,ASHE,Roof Renovation,Facility Needs,Building Envelope Renovations,Needs Assessment,Planning,8,Michelle A. Harris,3500000,350000,2782500,175000,192500,http://schoolreports.cps.edu/capitalplan/FY26__FACILITY NEEDS_ASHE_ROF_2025-07-14.pdf
26281,Henry O Tanner Elementary School,2026-26281-ROF,TANNER,Roof Renovation,Facility Needs,Building Envelope Renovations,Needs Assessment,Planning,6,William E. Hall,3970000,397000,3156150,198500,218350,http://schoolreports.cps.edu/capitalplan/FY26__FACILITY NEEDS_TANNER_ROF_2025-07-14.pdf
26321,Benjamin E Mays Elementary Academy,2026-26321-ROF,MAYS,Roof Renovation,Facility Needs,Building Envelope Renovations,Needs Assessment,Planning,6,William E. Hall,3940000,394000,3132300,197000,216700,http://schoolreports.cps.edu/capitalplan/FY26__FACILITY NEEDS_MAYS_ROF_2025-07-14.pdf
26371,Dr. Martin Luther King Jr Academy of Social Justice,2026-26371-ROF,KING ES,Roof Renovation,Facility Needs,Building Envelope Renovations,Needs Assessment,Planning,6,William E. Hall,4380000,438000,3482100,219000,240900,http://schoolreports.cps.edu/capitalplan/FY26__FACILITY NEEDS_KINGES_ROF_2025-07-14.pdf
26541,Carter G Woodson South Elementary School,2026-26541-NPL,WOODSON,Playlots,Facility Site Improvements,New Playlot Program,District Priority,Planning,3,Patricia R. Dowell,900000,,,,,http://schoolreports.cps.edu/capitalplan/FY26__SITE IMPROVEMENTS_PlaygroundPlaylotReplacement_NPL_2025-07-14.pdf
26651,Mahalia Jackson Elementary School,2026-26651-ROF,JACKSON M,Roof Renovation,Facility Needs,Building Envelope Renovations,Needs Assessment,Planning,21,"Ronnie Mosely, Jr.",4930000,493000,3919350,246500,271150,http://schoolreports.cps.edu/capitalplan/FY26__FACILITY NEEDS_JACKSONM_ROF_2025-07-14.pdf
27091,James Shields Middle School,2026-27091-FAS,SHIELDS MIDDLE,Fire Alarm Replacement Program,Facility Needs,Mechanical & Electrical,Needs Assessment,Planning,15,Raymond A. Lopez,1000282.5,,,,,http://schoolreports.cps.edu/capitalplan/FY26__FACILITY NEEDS_FireAlarmReplacementProgram_FAS_2025-07-14.pdf
28151,Orr Academy High School,2026-28151-ROF,ORR HS,Roof Renovation,Facility Needs,Building Envelope Renovations,Needs Assessment,Planning,37,Emma Mitts,3700000,370000,2941500,185000,203500,http://schoolreports.cps.edu/capitalplan/FY26__FACILITY NEEDS_ORRHS_ROF_2025-07-14.pdf
29021,Burnside Elementary Scholastic Academy,2026-29021-STK,BURNSIDE,Chimney Renovation,Facility Needs,Chimney Improvements,Needs Assestments,Planning,8,Michelle A. Harris,630000,,,,,http://schoolreports.cps.edu/capitalplan/FY26__FACILITY NEEDS_ChimneyStabilizationProgram_STK_2025-07-14.pdf
29091,Matthew Gallistel Elementary Language Academy,2026-29091-ROF,GALLISTEL,Roof Renovation,Facility Needs,Building Envelope Renovations,Needs Assessment,Planning,10,Peter Chico,2580000,258000,2051100,129000,141900,http://schoolreports.cps.edu/capitalplan/FY26__FACILITY NEEDS_GALLISTEL_ROF_2025-07-14.pdf
29101,LaSalle II Magnet Elementary School,TBD,LASALLE II,Programmatic Investments,Educational Programming,Building Interior,District Priority,Planning,1,Daniel La Spata,20000,,,,,http://schoolreports.cps.edu/capitalplan/FY26__PROGRAMMATIC INVESTMENTS_ProgrammaticInitiatives_2025-07-14.pdf
29161,LaSalle Elementary Language Academy,2026-29161-MEP,LASALLE,"Mechanical, Electrical & Plumbing Renovation",Facility Needs,Mechanical & Electrical,Needs Assessment,Planning,43,Timmy Knudsen,6515000,651500,5179425,325750,358325,http://schoolreports.cps.edu/capitalplan/FY26__FACILITY NEEDS_LASALLE_MEP_2025-07-14.pdf
29191,Inter-American Elementary Magnet School,2026-29191-BRM,INTER-AMERICAN,Interior Renovation,Building Interior,Interior Renovation,District Priority,Planning,44,Bennet Lawson,900000,,,,,http://schoolreports.cps.edu/capitalplan/FY26__INTERIOR IMPROVEMENTS_RestroomModerization_BRM_2025-07-14.pdf
29191,Inter-American Elementary Magnet School,2026-29191-ROF,INTER-AMERICAN,Roof Renovation,Facility Needs,Building Envelope Renovations,Needs Assessment,Planning,44,Bennet Lawson,7530000,753000,5986350,376500,414150,http://schoolreports.cps.edu/capitalplan/FY26__FACILITY NEEDS_INTERAMERICAN_ROF_2025-07-14.pdf
29221,Phillip Murray Elementary Language Academy,2026-29221-FAS,MURRAY,Fire Alarm Replacement Program,Facility Needs,Mechanical & Electrical,Needs Assessment,Planning,5,Desmon C. Yancy,308049,,,,,http://schoolreports.cps.edu/capitalplan/FY26__FACILITY NEEDS_FireAlarmReplacementProgram_FAS_2025-07-14.pdf
29251, John J Pershing STEAM Magnet Elementary School,2026-29251-MEP,PERSHING,"Mechanical, Electrical & Plumbing Renovation",Facility Needs,Mechanical & Electrical,Needs Assessment,Planning,4,Lamont Robinson,6465000,646500,5139675,323250,355575,http://schoolreports.cps.edu/capitalplan/FY26__FACILITY NEEDS_PERSHING_MEP_2025-07-14.pdf
29251, John J Pershing STEAM Magnet Elementary School,2026-29251-ROF,PERSHING,Roof Renovation,Facility Needs,Building Envelope Renovations,Needs Assessment,Planning,4,Lamont Robinson,9630000,963000,7655850,481500,529650,http://schoolreports.cps.edu/capitalplan/FY26__FACILITY NEEDS_PERSHING_ROF_2025-07-14.pdf
29291,Stone Elementary Scholastic Academy,2026-29291-NPL,STONE,Playlots,Facility Site Improvements,New Playlot Program,District Priority,Planning,50,Debra Silverstein,900000,,,,,http://schoolreports.cps.edu/capitalplan/FY26__SITE IMPROVEMENTS_PlaygroundPlaylotReplacement_NPL_2025-07-14.pdf
30031,Walter S Christopher Elementary School,2026-30031-STK,CHRISTOPHER,Chimney Renovation,Facility Needs,Chimney Improvements,Needs Assestments,Planning,15,Raymond A. Lopez,630000,,,,,http://schoolreports.cps.edu/capitalplan/FY26__FACILITY NEEDS_ChimneyStabilizationProgram_STK_2025-07-14.pdf
31161,Lawndale Elementary Community Academy,2026-31161-STK,LAWNDALE,Chimney Renovation,Facility Needs,Chimney Improvements,Needs Assestments,Planning,24,Monique Scott,630000,,,,,http://schoolreports.cps.edu/capitalplan/FY26__FACILITY NEEDS_ChimneyStabilizationProgram_STK_2025-07-14.pdf
31221,Charles Sumner  Math & Science Community Acad ES,2026-31221-ADA,SUMNER,ADA Improvements,Facility Needs,ADA Accommodations,District Priority,Planning,24,Monique Scott,854892,,,,,http://schoolreports.cps.edu/capitalplan/FY26__FACILITY NEEDS_ADAProgramStudentAccommodation_ADA_2025-07-14.pdf
46041,William J Bogan High School,2026-46041-ADA,BOGAN HS,ADA Improvements,Facility Needs,ADA Accommodations,District Priority,Planning,18,Derrick Curtis,890175,,,,,http://schoolreports.cps.edu/capitalplan/FY26__FACILITY NEEDS_ADAProgramStudentAccommodation_ADA_2025-07-14.pdf
46111,Christian Fenger Academy High School,2026-46111-FAS,FENGER HS,Fire Alarm Replacement Program,Facility Needs,Mechanical & Electrical,Needs Assessment,Planning,21,"Ronnie Mosely, Jr.",3580500,,,,,http://schoolreports.cps.edu/capitalplan/FY26__FACILITY NEEDS_FireAlarmReplacementProgram_FAS_2025-07-14.pdf
46131,Edwin G. Foreman College and Career Academy,2026-46131-ADA,FOREMAN HS,ADA Improvements,Facility Needs,ADA Accommodations,District Priority,Planning,31,"Felix Cardona, Jr.",300000,,,,,http://schoolreports.cps.edu/capitalplan/FY26__FACILITY NEEDS_ADAProgramStudentAccommodation_ADA_2025-07-14.pdf
46181,Thomas Kelly High School,2026-46181-ADA,KELLY HS,ADA Improvements,Facility Needs,ADA Accommodations,District Priority,Planning,12,Julia M. Ramirez,345675,,,,,http://schoolreports.cps.edu/capitalplan/FY26__FACILITY NEEDS_ADAProgramStudentAccommodation_ADA_2025-07-14.pdf
46201,John F Kennedy High School,2026-46201-FAS,KENNEDY HS,Fire Alarm Replacement Program,Facility Needs,Mechanical & Electrical,Needs Assessment,Planning,13,Marty Quinn,1171957.5,,,,,http://schoolreports.cps.edu/capitalplan/FY26__FACILITY NEEDS_FireAlarmReplacementProgram_FAS_2025-07-14.pdf
46341,Gurdon S Hubbard High School,2026-46341-ROF,HUBBARD HS,Roof Renovation,Facility Needs,Building Envelope Renovations,Needs Assessment,Planning,23,Silvana Tabares,7300000,730000,5803500,365000,401500,http://schoolreports.cps.edu/capitalplan/FY26__FACILITY NEEDS_HUBBARDHS_ROF_2025-07-14.pdf
49101,Ray Graham Training Center High School,2026-49101-ADA,GRAHAM HS,ADA Improvements,Facility Needs,ADA Accommodations,District Priority,Planning,3,Patricia R. Dowell,589875,,,,,http://schoolreports.cps.edu/capitalplan/FY26__FACILITY NEEDS_ADAProgramStudentAccommodation_ADA_2025-07-14.pdf
53011,Chicago Vocational Career Academy High School,2026-53011-FAS,CHICAGO VOCATIONAL HS,Fire Alarm Replacement Program,Facility Needs,Mechanical & Electrical,Needs Assessment,Planning,8,Michelle A. Harris,276360,,,,,http://schoolreports.cps.edu/capitalplan/FY26__FACILITY NEEDS_FireAlarmReplacementProgram_FAS_2025-07-14.pdf
53011,Chicago Vocational Career Academy High School,TBD,CHICAGO VOCATIONAL HS,Student Recreation and Athletic Resources,Educational Programming,Others,District Priority,Planning,8,Michelle A. Harris,2200000,,,,,http://schoolreports.cps.edu/capitalplan/FY26__PROGRAMMATIC INVESTMENTS_StudentRecreationandAthleticResources_2025-07-14.pdf
53011,Chicago Vocational Career Academy High School,TBD,CHICAGO VOCATIONAL HS,Student Recreation and Athletic Resources,Educational Programming,Others,External Funding,Planning,8,Michelle A. Harris,5100000,,,,,http://schoolreports.cps.edu/capitalplan/FY26__PROGRAMMATIC INVESTMENTS_StudentRecreationandAthleticResources_2025-07-14.pdf
53041,Charles Allen Prosser Career Academy High School,2026-53041-STK,PROSSER HS,Chimney Renovation,Facility Needs,Chimney Improvements,Needs Assestments,Planning,36,Gilbert Villegas,630000,,,,,http://schoolreports.cps.edu/capitalplan/FY26__FACILITY NEEDS_ChimneyStabilizationProgram_STK_2025-07-14.pdf
53091,David G Farragut Career Academy High School,2026-53091-ADA,FARRAGUT HS,ADA Improvements,Facility Needs,ADA Accommodations,District Priority,Planning,22,Michael Rodriguez,200475,,,,,http://schoolreports.cps.edu/capitalplan/FY26__FACILITY NEEDS_ADAProgramStudentAccommodation_ADA_2025-07-14.pdf
63142,Excel Englewood HS,2026-63142-MEP,EXCEL ENGLEWOOD HS,"Mechanical, Electrical & Plumbing Renovation",Facility Needs,Mechanical & Electrical,Needs Assessment,Planning,17,David Moore,5065000,506500,4026675,253250,278575,http://schoolreports.cps.edu/capitalplan/FY26__FACILITY NEEDS_EXCELENGLEWOODHS_MEP_2025-07-14.pdf
66398,Acero Charter Schools - Sandra Cisneros,2026-66398-MEP,ACERO - CISNEROS,"Mechanical, Electrical & Plumbing Renovation",Facility Needs,Mechanical & Electrical,Needs Assessment,Planning,12,Julia M. Ramirez,4035000,403500,3207825,201750,221925,http://schoolreports.cps.edu/capitalplan/FY26__FACILITY NEEDS_ACEROCISNEROS_MEP_2025-07-14.pdf
66931,KIPP Chicago Charter School - KIPP Bloom,2026-66931-ROF,KIPP - BLOOM,Roof Renovation,Facility Needs,Building Envelope Renovations,Needs Assessment,Planning,20,Jeanette B. Taylor,9250000,925000,7353750,462500,508750,http://schoolreports.cps.edu/capitalplan/FY26__FACILITY NEEDS_KIPPBLOOM_ROF_2025-07-14.pdf
68100,Gately Stadium,TBD,GATELY STADIUM,Student Recreation and Athletic Resources,Educational Programming,Others,District Priority,Planning,8,Michelle A. Harris,10000000,,,,,http://schoolreports.cps.edu/capitalplan/FY26__PROGRAMMATIC INVESTMENTS_StudentRecreationandAthleticResources_2025-07-14.pdf
68100,Gately Stadium,TBD,GATELY STADIUM,Student Recreation and Athletic Resources,Educational Programming,Others,External Funding,Planning,8,Michelle A. Harris,10000000,,,,,http://schoolreports.cps.edu/capitalplan/FY26__PROGRAMMATIC INVESTMENTS_StudentRecreationandAthleticResources_2025-07-14.pdf
