fund_grant,bi_fund_description,series_key,fy26_principal,fy26_interest,fy26_other,fy26_total,principal_outstanding_6_30_2025,fixed_rate,final_maturity,pledged_source
FG690-000000,CIP Series 2009G,2009G,254240000.0,2224600.0,0.0,256464600.0,254240000,1.75%,12/15/25,EBF
FG614-000000,CIP Series 1999A,1999A,35380896.0,27259091.5,0.0,62639987.5,134323470,4.30%-5.30%,12/01/31,IGA / PPRT
FG651-000000,Series 2018C,2018C,48825000.0,13126875.0,0.0,61951875.0,286950000,5.00%,12/01/32,EBF
FG674-000000,CIP Series 1998B-1 Debt Service,1998B-1,14606630.0,44393370.0,0.0,59000000.0,120318180,4.55%-5.22%,12/01/31,IGA / PPRT
FG639-000000,CIP Series 2018A,2018A,34495000.0,20653875.0,0.0,55148875.0,430325000,4.00%-5.00%,12/01/35,EBF
FG677-000000,CIP Series 2016A Debt Service,2016A,0.0,50750000.0,0.0,50750000.0,725000000,7.00%,12/01/44,EBF
FG686-000000,CIP Series 2009E,2009E,22810000.0,27312424.0,0.0,50122424.0,458205000,4.68%-6.14%,12/01/39,EBF / Federal Subsidy
FG653-000000,CIP Series 2019A,2019A,29898654.4,13680345.6,0.0,43579000.0,225283872,2.89%-5.00%,12/01/30,IGA
FG619-000000,CIT Series 2016,CIT 2016,0.0,43538890.0,0.0,43538890.0,729580000,5.75%-6.10%,04/01/46,CIT
FG605-000000,CIP Series 2017C,2017C,27910000.0,9025500.0,0.0,36935500.0,194465000,5.00%,12/01/34,EBF
FG673-000000,CIP Series 2023A,2023A,0.0,32723275.0,0.0,32723275.0,575000000,5.00%-6.00%,12/01/49,EBF
FG671-000000,CIT Series 2023,CIT 2023,0.0,28618637.5,0.0,28618637.5,520835000,5.00%-5.75%,04/01/48,CIT
FG689-000000,CIP Series 2012A Debt Service,2012A,0.0,23445750.0,0.0,23445750.0,468915000,5.00%,12/01/42,EBF
FG659-000000,2021A New Money,2021A,0.0,22500000.0,0.0,22500000.0,450000000,5.00%,12/01/41,EBF / IGA
FG661-000000,CIP Series 2022A,2022A,0.0,21874800.0,0.0,21874800.0,500000000,4.00%-5.00%,12/01/47,EBF
FG621-000000,Unlimited Tax GO Series 2017A,2017A,0.0,19950000.0,0.0,19950000.0,285000000,7.00%,12/01/46,EBF
FG650-000000,CIP Series 2005A Debt Service,2005A,11455000.0,4897612.5,0.0,16352612.5,94775000,5.00%-5.50%,12/01/32,EBF
FG696-000000,CIP Series 2010C,2010C,0.0,16247728.76,0.0,16247728.76,257125000,6.32%,11/01/29,EBF / Federal Subsidy
FG647-000000,Series 2018D,2018D,0.0,15664000.0,0.0,15664000.0,313280000,5.00%,12/01/46,EBF / PPRT
FG623-000000,Unlimited Tax GO Refunding Bond Series 2017B,2017B,0.0,14862500.0,0.0,14862500.0,215000000,6.75%-7.00%,12/01/42,EBF
FG607-000000,CIP Series 2015C,2015C,0.0,14737500.0,0.0,14737500.0,280000000,5.25%-6.00%,12/01/39,EBF
FG663-000000,Refunding Series 2022B,2022B,0.0,14538000.0,0.0,14538000.0,363450000,4.00%,12/01/41,EBF
FG629-000000,CIP Series 2017H,2017H,0.0,14000000.0,0.0,14000000.0,280000000,5.00%,12/01/46,EBF / PPRT
FG655-000000,CIP Series 2019B,2019B,8660000.0,4814000.0,0.0,13474000.0,100610000,5.00%,12/01/33,EBF
FG627-000000,CIP Series 2016B Debt Service,2016B,0.0,9750000.0,0.0,9750000.0,150000000,6.50%,12/01/46,EBF
FG617-000000,CIP Series 2017D,2017D,6200000.0,2103000.0,0.0,8303000.0,45160000,5.00%,12/01/31,EBF
FG698-000000,CIP Series 2010D,2010D,0.0,8148750.0,0.0,8148750.0,125000000,6.52%,12/01/40,EBF / Federal Subsidy
FG635-000000,CIP Series 2017G,2017G,0.0,6325000.0,0.0,6325000.0,126500000,5.00%,12/01/44,EBF / PPRT
FG687-000000,CIP Series 2012B,2012B,0.0,4938750.0,0.0,4938750.0,109825000,4.00%-5.00%,12/01/35,EBF
FG657-000000,2021B Refunding,2021B,0.0,4687000.0,0.0,4687000.0,93740000,5.00%,12/01/36,EBF
FG649-000000,Series 2018 CIT,CIT 2018,0.0,4300000.0,0.0,4300000.0,86000000,5.00%,12/01/46,CIT
FG631-000000,CIT Series 2017,CIT 2017,0.0,3245000.0,0.0,3245000.0,64900000,5.00%,04/01/46,CIT
FG613-000000,CIP Series 2015E,2015E,0.0,1025000.0,0.0,1025000.0,20000000,5.13%,12/01/32,EBF
FG602-000000,COP - Debt Services,,0.0,0.0,500000.0,500000.0,,,,
