fiscal_year,supplier_id,vendor,city,state,payment_amount
2025,36410,"HEALTH CARE SERVICE CORPORATION (HCSC), A MUTUAL LEGAL RESERVE COMPANY",CHICAGO,IL,530681067.89
2025,1930,Noble Street Charter School,CHICAGO,IL,187938159.87
2025,96371,CVS Pharmacy Inc DBA CAREMARKPCS HEALTH LLC,WOONSOCKET,RI,162091875.79
2025,24961,"JONES LANG LASALLE AMERICAS, INC.",CHICAGO,IL,144532189.85
2025,23091,CHICAGO CHARTER SCHOOL FOUNDATION DBA CHICAGO INT'L CHARTER SCHOOL,CHICAGO,IL,115542322.3
2025,3340,"Acero Charter Schools, Inc",CHICAGO,IL,107270205.95
2025,96765,"ARAMARK EDUCATIONAL SERVICES, LLC",Chicago,IL,72660138.32
2025,17110,CITY OF CHICAGO,CHICAGO,IL,68612805.8
2025,63673,"CDW GOVERNMENT LLC dba CDW Government LLC, CDW Government",VERNON HILLS,IL,54152690.0
2025,7810,KIPP Ascend Charter School,CHICAGO,IL,47520710.49
2025,69076,"CANNON COCHRAN MANAGEMENT SERVICES, INC.",DANVILLE,IL,45831652.81
2025,1121,Youth Connection Charter School (YCCS),CHICAGO,IL,45051391.69
2025,6770,Lawndale Educational and Regional Network Charter School,CHICAGO,IL,39222546.84
2025,72017,ILLINOIS CENTRAL SCHOOL BUS LLC,Blue Island,IL,34398371.78
2025,12108,COMMONWEALTH EDISON COMPANY  1,CHICAGO,IL,34232373.14
2025,17208,"CONSTELLATION NEWENERGY, INC",BALTIMORE,MD,33074589.87
2025,23060,PUBLIC BUILDING COMMISSION OF CHICAGO,CHICAGO,IL,32519330.42
2025,15399,"TYLER LANE CONSTRUCTION, INC.",Rosemont,IL,31845427.68
2025,21472,"SENTINEL TECHNOLOGIES, INC.",DOWNERS GROVE,IL,31368552.76
2025,23048,"AGAE CONTRACTORS, INC.",ELK GROVE VILLAGE,IL,30703441.99
2025,23996,"K.R. MILLER CONTRACTORS, INC.",Chicago,IL,30142052.04
2025,1960,Perspectives Charter School - Rodney D. Joslin Campus,CHICAGO,IL,29812192.11
2025,4370,Catalyst Charter School - Howland,CHICAGO,IL,26773102.58
2025,30689,ARAMARK SERVICES INC DBA ARAMARK MANAGEMENT SERVICES LP,PHILADELPHIA,PA,26395505.85
2025,67331,JACOBS PROJECT MANAGEMENT CO.,CHICAGO,IL,25261585.36
2025,97468,"OPEN KITCHENS, INC.",Chicago,IL,24214165.67
2025,16702,SUNRISE TRANSPORTATION LLC,CHICAGO,IL,23713784.78
2025,40145,"PATH CONSTRUCTION COMPANY, INC.",ARLINGTON HEIGHTS,IL,23589819.02
2025,41829,FRIEDLER CONSTRUCTION COMPANY,CHICAGO,IL,21719602.17
2025,3060,University of Chicago Charter School - North Kenwood/Oakland (NKO) Campus,CHICAGO,IL,20230104.25
2025,97384,AMAZON.COM SERVICES LLC,SEATTLE,WA,19789995.19
2025,30450,STANDARD INSURANCE COMPANY,PORTLAND,OR,19139294.4
2025,46491,"ALLTOWN BUS SERVICE, LLC.",Skokie,IL,18849446.56
2025,37414,CINTAS CORPORATION NO. 2,MASON,OH,18804164.76
2025,65916,"CAMELOT THERAPEUTIC SCHOOLS, LLC",Newark,NJ,18586909.35
2025,18327,PATHWAYS IN EDUCATION-ILLINOIS,PASADENA,CA,18404485.75
2025,20287,"A.M. BUS COMPANY, INC.",CHICAGO,IL,18091307.52
2025,24482,DELTA DENTAL OF ILLINOIS,NAPERVILLE,IL,16901274.85
2025,62248,PEOPLES GAS,CHICAGO,IL,16813754.12
2025,96754,INTRINSIC SCHOOLS,CHICAGO,IL,16740067.22
2025,94937,SPECIAL EDUCATION SERVICES DBA MENTA ACADEMY CHICAGO WEST,NORTH AURORA,IL,16507488.07
2025,76326,"F.H. PASCHEN, S.N. NIELSEN & ASSOCIATES LLC",CHICAGO,IL,15119885.45
2025,81957,ALL-BRY CONSTRUCTION COMPANY,BURR RIDGE,IL,15092616.29
2025,95640,"PERFORMANCE CLEAN, LLC",MILWAUKEE,WI,14875823.02
2025,84715,MESIROW INSURANCE SERVICES INC.,CHICAGO,IL,14739635.0
2025,20152,THE GEORGE SOLLITT CONSTRUCTION COMPANY,WOOD DALE,IL,14440029.4
2025,46955,ASPIRA INC. OF ILLINOIS,CHICAGO,IL,13734260.01
2025,22166,"TOTAL FACILITY MAINTENANCE, INC",WOOD DALE,IL,13408330.88
2025,17893,"JOS SERVICES, INC.",Lake Bluff,IL,13375742.49
2025,95633,"DIVERSE FACILITY SOLUTIONS, INC.",ALSIP,IL,13341558.94
2025,97237,"CONSTELLATION NEWENERGY - GAS DIVISION, LLC",BALTIMORE,MD,13008505.38
2025,35567,"UNITED MAINTENANCE COMPANY, INC.",CHICAGO,IL,12747430.31
2025,88033,CONCEPT SCHOOLS NFP DBA MATHCON,DES PLAINES,IL,12687455.36
2025,10725,"OMBUDSMAN EDUCATIONAL SERVICES, LTD.",Libertyville,IL,12559670.86
2025,16291,Moving Everest Charter School (Chicago Education Partnership,Chicago,IL,12520332.01
2025,17792,WEBSTER BANK N.A.,SHEBOYGAN,WI,12497313.64
2025,45511,APACHE SERVICE AND SUPPLY CO.,Chicago,IL,12205696.21
2025,10619,"YOUTH ADVOCATE PROGRAMS, INC.",Harrisburg,PA,12090827.92
2025,18607,ILLINOIS STATE BOARD OF EDUCATION,SPRINGFIELD,IL,11654816.71
2025,36674,"FIRST STUDENT, INC.",MAYWOOD,IL,11167297.41
2025,31814,NORTHWESTERN UNIVERSITY SETTLEMENT ASSOCIATION,CHICAGO,IL,10503958.94
2025,49725,"PACE SYSTEMS, INC.",NAPERVILLE,IL,10461626.0
2025,7940,Chicago Math and Science Academy (CMSA) Charter School,CHICAGO,IL,10032097.87
2025,32581,"R.J.B. PROPERTIES, INC.",CHICAGO,IL,9965972.57
2025,33988,BLACKHAWK HVAC INC.,Mokena,IL,9869356.87
2025,99247,A.I.M. (Art in Motion),Chicago,IL,9832645.96
2025,19097,COMPASS TRANSPORTATION LLC,Chicago,IL,9672614.3
2025,25745,"SCR MEDICAL TRANSPORTATION, LLC",CHICAGO,IL,9658998.11
2025,12392,UCAN,CHICAGO,IL,9445320.41
2025,45621,MURPHY & JONES COMPANY,CHICAGO,IL,9427688.88
2025,1105,North Lawndale Charter,CHICAGO,IL,9345571.47
2025,24425,"INSTITUTE FOR LATINO PROGRESS, INC.",CHICAGO,IL,9337809.85
2025,99665,GREAT LAKES ACADEMY CHARTER SCHOOL,CHICAGO,IL,9048585.46
2025,11060,YOUTH GUIDANCE,CHICAGO,IL,8980560.6
2025,80703,"VISTA HIGHER LEARNING, INC.",BOSTON,MA,8824152.57
2025,63011,Academy for Global Citizenship,CHICAGO,IL,8198744.34
2025,98099,OND JV LLC DBA OND Property LLC,CHICAGO,IL,8147462.07
2025,18171,"LAKESHORE PARENT LLC DBA LAKESHORE LEARNING MATERIALS, LLC",CARSON,CA,8078860.63
2025,14360,"ODP BUSINESS SOLUTIONS, LLC",CAROL STREAM,IL,8032457.54
2025,47278,CHRISTOPHER HOUSE,CHICAGO,IL,8011398.01
2025,40927,"CCC HOLDINGS, INC.",TINLEY PARK,IL,7983092.39
2025,5870,Legacy Charter School,CHICAGO,IL,7873884.84
2025,26041,"STANTON MECHANICAL, INC.",ELK GROVE VILLAGE,IL,7754860.93
2025,38873,"CURRICULUM ASSOCIATES, LLC",North Billerica,MA,7638484.75
2025,32236,LIBRARY VIDEO COMPANY DBA SAFARI MONTAGE,CONSHOHOCKEN,PA,7459084.0
2025,95848,"CATAPULT LEARNING WEST, LLC 1",ELMSFORD,NY,7371509.46
2025,18567,"EASTER SEALS METROPOLITAN CHICAGO, INC.",CHICAGO,IL,7337301.21
2025,95634,"GDI SERVICES, INC.",ALSIP,IL,7248389.93
2025,26218,"SCHOOL SPECIALTY, LLC",GREENVILLE,WI,6943915.15
2025,5780,Erie Elementary Charter School,CHICAGO,IL,6914648.36
2025,22957,"ASIAN HUMAN SERVICES, INC.",CHICAGO,IL,6865758.61
2025,69749,"SUPERIOR CHICAGO TUTORING, INC.",Northfield,IL,6749317.72
2025,76390,THE CHICAGO HIGH SCHOOL FOR THE ARTS DBA CHIARTS,CHICAGO,IL,6712576.28
2025,11912,"AT&T ENTERPRISES, LLC",BEDMINSTER,NJ,6644638.43
2025,95607,CSP TOPCO LLC DBA CLEARSPAN LLC,PLANO,TX,6550000.0
2025,7920,Namaste Charter School,CHICAGO,IL,6370535.24
2025,17958,"GREATLINE ELECTRIC, INC.",SOUTH HOLLAND,IL,6231920.92
2025,97240,WEX HEALTH INC.,SIMSBURY,CT,6160040.09
2025,4730,Alain Locke Charter School,CHICAGO,IL,5907389.87
2025,38955,Leslie Shankman School Corporation dba Sonia Shankman Orthogenic School dba Hyde park Day School,Chicago,IL,5894402.32
2025,23266,APPLE INC.,CUPERTINO,CA,5841980.66
2025,6700,Providence Englewood Charter School - Bunche Campus,CHICAGO,IL,5839819.65
2025,97643,ALLENGREEN GROUP LLC,CHICAGO,IL,5733711.47
2025,64887,THE MONTESSORI NETWORK,CHICAGO,IL,5505651.81
2025,68697,AMERICAN INSTITUTES FOR RESEARCH IN THE BEHAVIORAL SCIENCES DBA AMERICAN INSTITUTES FOR RESEARCH,ARLINGTON,VA,5444159.5
2025,64898,ACADEMIC ACHIEVEMENT INSTITUTE CORP.,Chicago,IL,5410680.43
2025,43809,"UNITED ""QUICK"" TRANSPORTATION INC.",CHICAGO,IL,5407982.31
2025,20375,"MIP V ONION PARENT LLC DBA LAKESHORE RECYLING SYSTEMS HOLDINGS, LLC",ROSEMONT,IL,5172111.18
2025,17394,"RELIANT TRANSPORTATION, INC.",DALLAS,TX,4980378.89
2025,4150,Polaris Charter Academy,CHICAGO,IL,4977920.07
2025,35082,"RL CANNING, INC.",CHICAGO,IL,4901043.7
2025,76357,CENTER FOR POLYTECHNICAL EDUCATION,CHICAGO,IL,4892591.82
2025,39549,"LATINO EXPRESS, INC.",CHICAGO,IL,4823268.94
2025,21832,RICOH USA INC,CHICAGO,IL,4655404.88
2025,96752,"CHICAGO COLLEGIATE, INC",Chicago,IL,4609909.96
2025,19931,THE CATHOLIC BISHOP OF CHICAGO DBA ARCHDIOCESE OF CHICAGO,CHICAGO,IL,4578083.57
2025,24718,FranCenter Inc,DARIEN,IL,4564007.4
2025,89823,"ORACLE AMERICA, INC.",REDWOOD SHORES,CA,4380608.87
2025,12191,Tovar Snow Professionals LLC,East Dundee,IL,4365400.18
2025,41082,SAVVAS LEARNING COMPANY LLC,PARAMUS,NJ,4335744.13
2025,36789,CARNOW CONIBEAR & ASSOC LTD,CHICAGO,IL,4316788.5
2025,67060,JEWISH CHILD AND FAMILY SERVICES,CHICAGO,IL,4262946.75
2025,30111,"AFTER SCHOOL MATTERS, INC.",CHICAGO,IL,4194464.4
2025,98689,CORE MECHANICAL INC.,CHICAGO,IL,4151511.0
2025,31218,"CITY YEAR, INC.",BOSTON,MA,4100000.0
2025,7030,Urban Prep Academy for Young Men Charter School-Englewood Campus,CHICAGO,IL,4076015.05
2025,39935,Comcast of Illinois XI LLC,CHICAGO,IL,4048727.61
2025,27686,RELIABLE & ASSOCIATES CONSTRUCTION COMPANY,CHICAGO,IL,4017777.92
2025,97578,KALAJU TRANS LLC,Lincolnwood,IL,4006853.79
2025,67308,ACTIVE OFFICE SOLUTION LLC,CHICAGO,IL,3983977.18
2025,32892,BOOKS DEL SUR LLC,Antioch,IL,3973195.47
2025,23348,"LUXOTTICA OF AMERICA, INC. DBA EYEMED VISION CARE LLC",MASON,OH,3965737.78
2025,39861,ACADEMY FOR URBAN SCHOOL LEADERSHIP,CHICAGO,IL,3905444.23
2025,39827,JOHNSON CONTROLS FIRE PROTECTION LP,ARLINGTON HEIGHTS,IL,3894445.26
2025,16641,SANDSMITH VENTURE,Burr Ridge,IL,3883482.83
2025,76760,"SCHOOL FOR SOCIAL ENTREPRENEURSHIP DBA EPIC ACADEMY, THE",CHICAGO,IL,3828718.22
2025,32997,ESPERANZA COMMUNITY SERVICES,CHICAGO,IL,3785942.55
2025,30833,"MARK A. INGRAM DBA DISCOVER MUSIC: DISCOVER LIFE, INC.",CHICAGO,IL,3774190.56
2025,16228,"SAGA INNOVATIONS, INC.",Newton,MA,3631163.1
2025,95866,LEGAL PREP CHARTER ACADEMIES,CHICAGO,IL,3608277.38
2025,32700,"AMMONS TRANSPORTATION SERVICE, INC.",CHICAGO,IL,3573594.22
2025,11291,"RENAISSANCE LEARNING, INC.",WISCONSIN RAPIDS,WI,3565020.35
2025,65662,"COURTESY ELECTRIC, INCORPORATED",CHICAGO,IL,3551005.21
2025,11976,CHICAGO TRANSIT AUTHORITY,CHICAGO,IL,3437957.11
2025,16226,RCM Technologies USA Inc.,PENNSAUKEN,NJ,3359295.53
2025,18680,URBAN HABITATS INC.,CHICAGO,IL,3271143.53
2025,12990,"AMPLIFY EDUCATION, INC.",BROOKLYN,NY,3156236.9
2025,13240,HMH EDUCATION COMPANY,GENEVA,IL,3136487.79
2025,29689,"ANCHOR MECHANICAL, INC.",CHICAGO,IL,3136115.26
2025,29091,CHRISTY WEBBER & COMPANY DBA CHRISTY WEBBER LANDSCAPES,CHICAGO,IL,3123327.6
2025,96226,"CONWAY BUS COMPANY, INC.",WESTCHESTER,IL,3096644.91
2025,39644,LAWRENCE HALL,CHICAGO,IL,3073688.08
2025,15536,"MYTHICS, LLC",VIRGINIA BEACH,VA,2993042.35
2025,29477,"LASALLE STAFFING, LLC",CHICAGO,IL,2960738.34
2025,16377,AME3,CHICAGO,IL,2949109.5
2025,32495,HARDY CORPORATION,NEW LENOX,IL,2896509.05
2025,43240,"INSTRUCTIONAL EMPOWERMENT, INC.",Blairsville,PA,2888466.36
2025,63021,"AMERICAN QUALITY SCHOOLS CORPORATION, THE",CHICAGO,IL,2843408.89
2025,18645,"PROXIMITY LEARNING, INC.",AUSTIN,TX,2765059.69
2025,96075,BLENDERBOX INC.,NEW YORK,NY,2759600.0
2025,15138,CARAHSOFT TECHNOLOGY CORPORATION,RESTON,VA,2758142.52
2025,41798,"COMPUTER SERVICES AND CONSULTING, INCORPORATED DBA CSC CONSULTING GROUP",BURR RIDGE,IL,2758122.25
2025,31690,COVE SCHOOL,NORTHBROOK,IL,2715163.95
2025,34883,TENNANT SALES AND SERVICE COMPANY,MINNEAPOLIS,MN,2684132.79
2025,33222,THE CHICAGO LIGHTHOUSE FOR PEOPLE WHO ARE BLIND OR VISUALLY IMPAIRED,CHICAGO,IL,2639577.75
2025,22907,COLLEGE BOARD,NEW YORK,NY,2586480.81
2025,42833,"Specialty Consulting, Inc.",CHICAGO,IL,2586388.15
2025,41057,"CIMPAR, S.C.",OAK PARK,IL,2576275.75
2025,76798,"CONSTELLATION ENERGY SERVICES- NATURAL GAS, LLC",DEPERE,WI,2568583.83
2025,68496,TARGET AREA DEVELOPMENT CORPORATION,CHICAGO,IL,2564885.34
2025,23066,"IXL LEARNING, INC.",SAN MATEO,CA,2551193.17
2025,50497,INTERNATIONAL BACCALAUREATE ORGANIZATION,Washington,DC,2501495.09
2025,18648,PETITE SCHOLARS LEARNING CENTER LLC,CHICAGO,IL,2472719.03
2025,89939,"CREATIVE CIRCLE, LLC",Los Angeles,CA,2467293.95
2025,85052,"MAINSTREAM DEVELOPMENT EDUCATIONAL GROUP, LLC",GLENDALE,WI,2451869.34
2025,31854,"BRANCHING MINDS, LLC",New York,NY,2427772.6
2025,40352,MAVENSOLVE LLC,LISLE,IL,2425369.41
2025,34057,Aero Elevator LLC,Chicago,IL,2421989.5
2025,40268,GREAT MINDS PBC (CORPORATION),WASHINGTON,DC,2387366.36
2025,31687,ELIM CHRISTIAN SCHOOL,CRESTWOOD,IL,2378550.37
2025,18329,DIAZ GROUP LLC,Calumet Park,IL,2365651.74
2025,34765,"BUCKEYE CONSTRUCTION COMPANY, INC.",CHICAGO,IL,2309810.06
2025,97569,"CORDOS DEVELOPMENT & ASSOCIATES, LLC",CHICAGO,IL,2280168.23
2025,50134,URBAN INITIATIVES INC. NFP.,CHICAGO,IL,2269925.82
2025,49940,"PMJ ENTERPRISES, INC.",CHICAGO,IL,2199253.09
2025,64882,BUREAU VERITAS TECHNICAL ASSESSMENTS LLC,Ellicott City,MD,2192999.42
2025,13106,HERC RENTALS INC.,BONITA SPRINGS,FL,2176167.05
2025,98972,"ACCURATE BIOMETRICS, INC.",ITASCA,IL,2099179.0
2025,94592,"TRIMARK MARLINN, LLC",BEDFORD PARK,IL,2057765.8
2025,38254,"ABC Humane Wildlife Control & Prevention, Inc. dba Landmark Pest Management",Schaumburg,IL,2051644.0
2025,94462,"COMPUTER AID, INC.",Chicago,IL,2019768.36
2025,30499,YOUNG MEN'S CHRISTIAN ASSOCIATION OF CHICAGO DBA YMCA OF METROPOLITAN CHICAGO,CHICAGO,IL,2009215.92
2025,13102,"FOLLETT SOFTWARE, LLC",MCHENRY,IL,2007203.71
2025,19991918,"Sports Administration, .                                    19991918",CHICAGO,IL,1998333.08
2025,18636,"THE STONE GROUP, INC.",CHICAGO,IL,1992685.0
2025,39142,BRIGHTON PARK NEIGHBORHOOD COUNCIL,CHICAGO,IL,1983699.49
2025,89841,"BJ'S TRANSPORTATION, INC.",Chicago,IL,1965816.0
2025,12056,Instituto Justice and Leadership Academies,Chicago,IL,1955242.0
2025,22146,"BLACK UNITED FUND OF ILLINOIS, INC.",CHICAGO,IL,1948443.89
2025,33197,CHICAGO FIRE PROTECTION LLC,Chicago,IL,1945480.5
2025,35426,"GLOBAL WATER TECHNOLOGY, INC.",Calumet City,IL,1935680.39
2025,55090,DELTA-T GROUP ILLINOIS INC,OAK BROOK,IL,1928498.29
2025,90907,"TEACHING STRATEGIES, LLC",Washington,DC,1913619.5
2025,22173,"FRANK COONEY CO., INC. DBA EDUCATIONAL ENVIRONMENTS",ELK GROVE VILLAGE,IL,1911016.19
2025,22464,"BSN SPORTS, LLC 1",DALLAS,TX,1876622.78
2025,18669,"ATI HOLDINGS, LLC",BOLINGBROOK,IL,1839782.85
2025,14706,MENA TOURS AND TRAVEL INC,CHICAGO,IL,1831347.38
2025,44509,"IW&G, INC.",DOWNERS GROVE,IL,1807061.12
2025,33490,NEW HORIZON CENTER FOR THE DEVELOPMENTALLY DISABLED DBA NEW HORIZON CENTER FOR CHILDREN & ADULTS WITH DEVELOPMENT DISABILITIES & AUTISM,CHICAGO,IL,1805347.09
2025,28201,THE ACHIEVEMENT CENTERS INC DBA ACACIA ACADEMY,Burr Ridge,IL,1785858.68
2025,88018,REACH CHICAGO,SKOKIE,IL,1785343.65
2025,10126,"EDMENTUM, INC.",BLOOMINGTON,MN,1770767.22
2025,34595,"NCS PEARSON, INC.",MINNEAPOLIS,MN,1742437.8
2025,46701,METROPOLITAN FAMILY SERVICES,CHICAGO,IL,1727151.45
2025,15645,TRAVEL EVOLUTION INC.,ALSIP,IL,1706153.57
2025,26500,ILLINOIS INSTITUTE OF TECHNOLOGY,CHICAGO,IL,1697014.5
2025,17789,FULCRUM EDUCATION SOLUTIONS LLC,Chicago,IL,1695319.0
2025,32308,"A.M.C. MECHANICAL, INC.",ORLAND PARK,IL,1681649.58
2025,48030,National Louis University,Wheeling,IL,1679540.8
2025,16547,"EXPERIS US, LLC",MILWAUKEE,WI,1674404.73
2025,12717,WILSON LANGUAGE TRAINING CORPORATION,OXFORD,MA,1647370.37
2025,43040,"CSG SYSTEMS, INC.",Englewood,CO,1632802.5
2025,45510,ENLACE CHICAGO,CHICAGO,IL,1624805.62
2025,19031,PACTT LEARNING CENTER,CHICAGO,IL,1585513.39
2025,97534,"PEDRAZA, INC. DBA ANDEE BOILER & WELDING COMPANY",CHICAGO,IL,1570465.0
2025,21152,"A KNOCK AT MIDNIGHT, NFP",CHICAGO,IL,1565112.62
2025,23713,THE PUERTO RICAN CULTURAL CENTER,CHICAGO,IL,1560741.47
2025,37538,"MITEL NETWORKS, INC.",CHICAGO,IL,1530000.0
2025,27249,PUBLIC CONSULTING GROUP LLC,BOSTON,MA,1525156.42
2025,14970,SCHOLASTIC INC.,CINCINNATI,OH,1518388.7
2025,37537,ALLIANCE FOR COMMUNITY PEACE,Chicago,IL,1510356.99
2025,20861,"GARTNER, INC.",STAMFORD,CT,1504200.0
2025,36385,E & C CONSTRUCTION INCORPORATED,NORRIDGE,IL,1458086.0
2025,12687,Board of Trustees of Community College District No 508 dba City Colleges of Chicago,CHICAGO,IL,1449260.96
2025,16589,POWERSCHOOL HOLDINGS LLC DBA POWERSCHOOL GROUP LLC,Folsom,CA,1429666.91
2025,95602,"SPECIALIZED EDUCATION OF ILLINOIS, INC DBA NEW HOPE ACADEMY EAST, NEW HOPE ACADEMY WEST",Newark,NJ,1428574.52
2025,49935,"RIGHT AT SCHOOL, LLC",EVANSTON,IL,1413667.01
2025,61212,"T-MOBILE USA, INC.",DOWNERS GROVE,IL,1405426.69
2025,68662,HELPING HAND CENTER,COUNTRYSIDE,IL,1390122.18
2025,44147,KESHET,Northbrook,IL,1387260.25
2025,30103,FRANCZEK P.C.,CHICAGO,IL,1381558.97
2025,89891,HD Supply Facilities Maintenance,Atlanta,GA,1321366.01
2025,19932,"TEM ENVIRONMENTAL, INC.",Glendale Heights,IL,1315976.91
2025,91629,ILLINOIS ACTION FOR CHILDREN,CHICAGO,IL,1313250.0
2025,69613,IMPERIAL LIGHTING MAINTENANCE COMPANY,CHICAGO,IL,1309759.04
2025,20242,"GALAXY ENVIRONMENTAL, INC.",CHICAGO,IL,1301400.87
2025,44788,HITACHI DIGITAL SERVICES LLC,Santa Clara,CA,1289698.0
2025,18678,EQUAL OPPORTUNITY SCHOOLS,SEATTLE,WA,1287782.5
2025,46678,"THE CONCORD CONSULTING GROUP OF ILLINOIS, INC.",CHICAGO,IL,1284053.81
2025,97994,"RIVERSIDE MECHANICAL SERVICES, INC.",FRANKFORT,IL,1274793.45
2025,12067,SOUTH SIDE CONTROL SUPPLY CO,CHICAGO,IL,1264915.01
2025,67499,NATIONWIDE ENVIRONMENTAL & DEMO LLC,Franklin Park,IL,1252129.0
2025,11964,CHICAGO TITLE INSURANCE COMPANY,CHICAGO,IL,1250100.13
2025,49050,AMERICLOUD SOLUTIONS INC,SCHAUMBURG,IL,1249292.37
2025,97194,"FRONTLINE SEWER AND WATER SPECIALIST, INC.",Westchester,IL,1246268.0
2025,18728,INNOVARE - SOCIAL INNOVATION PARTNERS INC. 1,CHICAGO,IL,1241323.0
2025,49049,"UIS CONSULTING, L.L.C.",Glendale Heights,IL,1237539.57
2025,63187,"THE GORDIAN GROUP, INC.",GREENVILLE,SC,1220597.77
2025,96591,"WEST MONROE HOLDINGS LLC DBA WEST MONROE PARTNERS, LLC",Chicago,IL,1216000.0
2025,17322,GYMNASIUM MATTERS LLC,HAWTHORN WOODS,IL,1186124.75
2025,97604,KAG DECORATION AND LANDSCAPING CORP,ELMWOOD PARK,IL,1175943.0
2025,79776,"FOLLETT CONTENT SOLUTIONS, LLC",MCHENRY,IL,1167820.35
2025,13388,INTERNATIONAL BUSINESS MACHINES CORPORATION,CHICAGO,IL,1159351.4
2025,34724,LAURAL SUPPLY,Chicago,IL,1155690.83
2025,24993,"4IMPRINT, INC.",OSHKOSH,WI,1140808.7
2025,68849,ACCURATE GENERAL CONTRACTORS LTD.,CHICAGO,IL,1134099.43
2025,97522,JEROME H. MEYER & CO DBA PRODIGY REAL ESTATE GROUP INC,Chicago,IL,1127994.05
2025,40011,"W. W. GRAINGER, INC.",LAKE FOREST,IL,1113863.17
2025,19800,SYMPHONY CORPORATION,MADISON,WI,1104384.0
2025,48890,FAMILY FOCUS LEGACY,Chicago,IL,1093650.52
2025,97571,"Accel Construction Services Group, LLC",CHICAGO,IL,1092332.45
2025,43458,"REDWOOD SCHOOLS, INC.",Chicago,IL,1091975.16
2025,14981,SCHOOL HEALTH CORPORATION,ROLLING MEADOWS,IL,1090435.06
2025,27795,"ENCOURAGING ARTS, INC.",ARLINGTON HEIGHTS,IL,1085148.98
2025,97382,IMAGINE LEARNING LLC,TEMPE,AZ,1084650.0
2025,30462,The Thresholds,CHICAGO,IL,1079506.59
2025,64934,R.R. DONNELLEY & SONS COMPANY,Warrenville,IL,1079071.75
2025,90597,VIVA USA INC.,ROLLING MEADOWS,IL,1071737.4
2025,96227,MERLIN DAY LLC,CHICAGO,IL,1070061.95
2025,41310,"THERMOSYSTEMS, LLC",Elmhurst,IL,1051449.24
2025,14852,LOYOLA UNIVERSITY OF CHICAGO,CHICAGO,IL,1051026.86
2025,40737,ANN & ROBERT H LURIE CHILDRENS HOSPITAL OF CHICAGO,CHICAGO,IL,1047843.03
2025,97476,"SCHOOLINKS, INC.",AUSTIN,TX,1037741.8
2025,95188,SHI INTERNATIONAL CORP.,SOMERSET,NJ,1035121.43
2025,16225,Soaring Eagle Academy,LOMBARD,IL,1033129.51
2025,96165,FORMA ARCHITECTURE LTD.,OAK PARK,IL,1023148.92
2025,18452,CHICAGO TEACHERS UNION,CHICAGO,IL,1020817.17
2025,63035,"CLARITY PARTNERS, LLC",CHICAGO,IL,1015719.5
2025,32571,Board of Trustees of the University of Illinois DBA University of Illinois,Chicago,IL,1015302.6
2025,34171,"SGA YOUTH & FAMILY SERVICES, NFP",CHICAGO,IL,1012314.75
2025,29748,"SMART TECHNOLOGY SERVICES, INCORPORATED",CHICAGO,IL,1003121.06
