unit,name,unit_type,network_unit_group,fy26_charter_tuition_budget,students_profile_api,per_pupil,profile_governance
U66101,Youth Connection Charter School (YCCS),Charter School,Charter Schools Network Total,46849679.86,,,
U66149,Noble Street Charter School -ITW David Speer Academy,,Charter Schools Network Total,20780925.04,1145,18149.28,Charter
U66061,Chicago International Charter School (CICS)- Longwood Campus,Charter School,Charter Schools Network Total,20509162.59,1042,19682.5,Charter
U66433,Catalyst - Maria Charter School,Charter School,Charter Schools Network Total,20417348.73,559,36524.77,Charter
U66579,Noble - Mansueto High School,,Charter Schools Network Total,20050715.4,1094,18327.89,Charter
U66142,Noble Street Charter High School - Pritzker College Prep Campus,Charter School,Charter Schools Network Total,18274707.16,1017,17969.23,Charter
U66691,Intrinsic School,,Charter Schools Network Total,18093756.96,987,18332.07,Charter
U66146,Noble Street Charter High School - Comer Campus,Charter School,Charter Schools Network Total,17727527.8,1135,15618.97,Charter
U66573,Noble Street Charter High School - Muchin College Prep Campus,Charter School,Charter Schools Network Total,16849483.68,928,18156.77,Charter
U66572,Noble Street Charter High School - Chicago Bulls College Prep Campus,Charter School,Charter Schools Network Total,16673619.82,945,17644.04,Charter
U66241,Chicago International Charter School (CICS)- Northtown Campus,Charter School,Charter Schools Network Total,16038299.49,920,17432.93,Charter
U66032,KIPP One Academy,,Charter Schools Network Total,16008220.92,950,16850.76,Charter
U66052,Perspectives - Leadership Academy,Charter School,Charter Schools Network Total,15071807.68,649,23223.12,Charter
U66147,Noble Street Charter High School - UIC Campus,Charter School,Charter Schools Network Total,14820768.78,996,14880.29,Charter
U66931,KIPP-Bloom,,Charter Schools Network Total,14801509.89,856,17291.48,Charter
U66261,KIPP Ascend Charter School,Charter School,Charter Schools Network Total,14257948.26,779,18302.89,Charter
U66911,Moving Everest Charter School,,Charter Schools Network Total,14019298.62,718,19525.49,Charter
U63181,Horizon Science Academy - Southwest Chicago Charter,,Charter Schools Network Total,13661251.85,787,17358.64,Charter
U66141,Noble - Noble College Prep,Charter School,Charter Schools Network Total,12604561.48,636,19818.49,Charter
U66394,Acero Charter Schools - Major Hector P. Garcia MD,Charter School,Charter Schools Network Total,12100090.96,632,19145.71,Charter
U66145,Noble Street Charter High School - Golder Campus,Charter School,Charter Schools Network Total,11896402.4,608,19566.45,Charter
U66031,KIPP Academy Chicago Campus,Charter School,Charter Schools Network Total,11548994.6,,,
U66381,Chicago International Charter School (CICS)- Wrightwood Campus,Charter School,Charter Schools Network Total,11311857.39,599,18884.57,Charter
U66281,Chicago Math and Science Academy (CMSA) Charter School,Charter School,Charter Schools Network Total,11241394.7,609,18458.78,Charter
U12670,Education General - City Wide,City Wide,Education General - City Wide,11179389.59,,,
U66571,Rowe Elementary Charter School,Charter School,Charter Schools Network Total,11112409.26,469,23693.84,Charter
U69228,Art in Motion Charter School,,Charter Schools Network Total,11065074.27,468,23643.32,Charter
U66112,University of Chicago Charter School - Woodlawn Campus,Charter School,Charter Schools Network Total,11040878.84,643,17170.88,Charter
U66576,Noble - Butler College Prep,,Charter Schools Network Total,10804605.9,719,15027.27,Charter
U63131,Instituto Health Sciences Career Academy HS,Charter School,Charter Schools Network Total,10475494.08,451,23227.26,Charter
U66143,Noble Street Charter High School - Rauner College Prep Campus,Charter School,Charter Schools Network Total,10302234.36,379,27182.68,Charter
U66137,Acero Charter Schools - Victoria Soto,,Charter Schools Network Total,10224505.21,573,17843.81,Charter
U66231,Chicago International Charter School (CICS)- Basil Campus,Charter School,Charter Schools Network Total,10183614.15,570,17865.99,Charter
U66951,Great Lakes Academy Charter School,,Charter Schools Network Total,10073827.4,572,17611.59,Charter
U66399,Acero Charter Schools - Jovita Idar,Charter School,Charter Schools Network Total,9894057.83,555,17827.13,Charter
U66395,Acero Charter Schools - SPC Daniel Zizumbo,Charter School,Charter Schools Network Total,9881370.07,505,19567.07,Charter
U66396,Acero Charter Schools - PFC Omar E. Torres,Charter School,Charter Schools Network Total,9797507.43,436,22471.35,Charter
U66221,Chicago International Charter School (CICS)- West Belden Campus,Charter School,Charter Schools Network Total,9723263.43,540,18006.04,Charter
U66574,Noble - Hansberry College Prep,Charter School,Charter Schools Network Total,9697826.4,584,16605.87,Charter
U66071,Chicago International Charter School (CICS)- Bucktown Campus,Charter School,Charter Schools Network Total,9650690.25,459,21025.47,Charter
U66432,Catalyst Elementary School - Circle Rock,Charter School,Charter Schools Network Total,9566319.24,521,18361.46,Charter
U66397,Acero Charter Schools - Officer Donald J. Marquez,Charter School,Charter Schools Network Total,9451094.25,461,20501.29,Charter
U66181,Chicago International Charter School (CICS)- Washington Park Campus,Charter School,Charter Schools Network Total,9052925.75,483,18743.12,Charter
U66393,Acero Charter Schools - Carlos Fuentes,Charter School,Charter Schools Network Total,8996739.81,,,
U63011,Academy for Global Citizenship,Charter School,Charter Schools Network Total,8935151.47,493,18124.04,Charter
U66602,Acero Charter Schools - Brighton Park,,Charter Schools Network Total,8863387.92,390,22726.64,Charter
U66211,LEARN - Romano Butler Campus,Charter School,Charter Schools Network Total,8833982.33,468,18876.03,Charter
U66564,LEARN Charter School - Hunter Perkins,Charter School,Charter Schools Network Total,8820676.17,524,16833.35,Charter
U66661,Christopher House Charter School,Charter School,Charter Schools Network Total,8807786.55,477,18464.96,Charter
U66371,Chicago International Charter School (CICS)- Avalon/South Shore Campus,Charter School,Charter Schools Network Total,8782285.29,516,17019.93,Charter
U67071,Legacy Charter School,Charter School,Charter Schools Network Total,8601902.11,447,19243.63,Charter
U66133,Acero Charter Schools - Roberto Clemente,Charter School,Charter Schools Network Total,8572649.43,398,21539.32,Charter
U63051,Chicago High School for the Arts (ChiArts),Contract School,Contract Schools Network Total,8440435.46,,,
U66074,Chicago International Charter School - Irving Park,Charter School,Charter Schools Network Total,8433081.82,443,19036.3,Charter
U66398,Acero Charter Schools - Sandra Cisneros,Charter School,Charter Schools Network Total,8200168.75,,,
U66148,Noble - John and Eunice Johnson College Prep,Charter School,Charter Schools Network Total,7908547.9,498,15880.62,Charter
U66321,University of Chicago Charter School - Donoghue Campus,Charter School,Charter Schools Network Total,7863706.04,430,18287.69,Charter
U66161,Chicago International Charter School (CICS)- Prairie Campus,Charter School,Charter Schools Network Total,7811744.35,415,18823.48,Charter
U66255,ASPIRA Business & Finance High School,,Charter Schools Network Total,7794387.72,,,
U66331,Erie Elementary Charter School,Charter School,Charter Schools Network Total,7558565.48,355,21291.73,Charter
U66191,Asian Human Services - Passages Charter School,Charter School,Charter Schools Network Total,7167286.58,223,32140.3,Charter
U66391,Acero Charter Schools - Rufino Tamayo,Charter School,Charter Schools Network Total,7141139.58,,,
U66561,LEARN Charter School - Excel Campus,Charter School,Charter Schools Network Total,7059160.19,396,17826.16,Charter
U66801,Pathways in Education Brighton Park,,Charter Schools Network Total,6999414.65,390,17947.22,ALOP
U66271,Namaste Charter School,Charter School,Charter Schools Network Total,6968322.44,394,17686.1,Charter
U66471,Providence Englewood Charter School,Charter School,Charter Schools Network Total,6788862.19,451,15052.91,Charter
U66562,LEARN Charter ES - Charles and Dorothy Campbell,Charter School,Charter Schools Network Total,6631452.26,371,17874.53,Charter
U66151,Alain Locke Charter School,Charter School,Charter Schools Network Total,6397865.55,336,19041.27,Charter
U66578,Noble Street Charter School - The Noble Academy,,Charter Schools Network Total,6351590.38,357,17791.57,Charter
U66392,Acero Charter Schools - Bartolome de las Casas,Charter School,Charter Schools Network Total,6309927.67,,,
U66601,Acero Charter Schools - Esmeralda Santiago,Charter School,Charter Schools Network Total,6306186.36,,,
U66075,CICS - Loomis Primary,Charter School,Charter Schools Network Total,6258062.11,435,14386.35,Charter
U66563,Learn Charter School - South Chicago Campus,Charter School,Charter Schools Network Total,6159944.36,394,15634.38,Charter
U66056,Perspectives - Math and Science Academy,Charter School,Charter Schools Network Total,6143713.28,336,18284.86,Charter
U66051,Perspectives Charter School - Rodney D. Joslin Campus,Charter School,Charter Schools Network Total,5840275.88,203,28769.83,Charter
U66575,Noble - DRW College Prep,Charter School,Charter Schools Network Total,5838368.08,228,25606.88,Charter
U66144,Noble Street Charter High School - Rowe Clark Campus,Charter School,Charter Schools Network Total,5802963.2,265,21897.97,Charter
U66053,Perspectives - High School of Technology,Charter School,Charter Schools Network Total,5715250.14,244,23423.16,Charter
U66591,The Montessori School of Englewood Charter,Charter School,Charter Schools Network Total,5672539.98,353,16069.52,Charter
U67081,Polaris Charter Academy,Charter School,Charter Schools Network Total,5628260.94,317,17754.77,Charter
U66254,ASPIRA Charter - Early College Campus,Charter School,Charter Schools Network Total,5220917.48,,,
U66076,Chicago International Charter School - Lloyd Bond Campus,Charter School,Charter Schools Network Total,5177956.71,299,17317.58,Charter
U65016,Pathways in Education Avondale,,Charter Schools Network Total,5158734.43,298,17311.19,ALOP
U63091,Chicago Technology Academy High School,Contract School,Contract Schools Network Total,4943756.71,240,20598.99,Contract
U65018,Pathways in Education- Ashburn,,Charter Schools Network Total,4840000.2,242,20000.0,ALOP
U66111,University of Chicago Charter School - North Kenwood/Oakland (NKO) Camp,Charter School,Charter Schools Network Total,4780176.94,303,15776.16,Charter
U66671,Chicago Collegiate,,Charter Schools Network Total,4637379.08,202,22957.32,Charter
U66577,Noble - Baker College Prep,,Charter Schools Network Total,4459820.26,447,9977.23,Charter
U65013,Ombudsman Chicago Northwest,,Charter Schools Network Total,4388586.13,258,17010.02,ALOP
U63141,Chicago Excel HS,Contract School,Contract Schools Network Total,4379449.97,253,17310.08,Contract
U66072,Chicago International Charter School (CICS)- Ralph Ellison Campus,Charter School,Charter Schools Network Total,4225501.6,189,22357.15,Charter
U66092,North Lawndale College Prep - Collins,Charter School,Charter Schools Network Total,4208767.84,93,45255.57,Charter
U66641,Legal Prep Charter Academy,Charter School,Charter Schools Network Total,4009990.62,180,22277.73,Charter
U65014,Ombudsman Chicago - South,,Charter Schools Network Total,3971393.05,265,14986.39,ALOP
U63142,Excel Englewood HS,,Contract Schools Network Total,3930922.76,250,15723.69,Contract
U66091,North Lawndale College Prep - Christiana,Charter School,Charter Schools Network Total,3929034.42,261,15053.77,Charter
U63081,EPIC Academy,Charter School,Charter Schools Network Total,3903908.73,,,
U65015,Ombudsman Chicago West,,Charter Schools Network Total,3289954.05,168,19583.06,ALOP
U66567,LEARN - Middle School Campus,,Charter Schools Network Total,3247450.88,193,16826.17,Charter
U63144,Excel Southwest HS,,Contract Schools Network Total,3150353.21,184,17121.48,Contract
U63143,Excel SouthShore HS,,Contract Schools Network Total,3080869.93,207,14883.43,Contract
U66566,LEARN Charter School - 7th Campus,,Charter Schools Network Total,2806391.71,154,18223.32,Charter
U69617,Ombudsman Roseland,,Charter Schools Network Total,2683466.76,125,21467.73,ALOP
U69618,Pathways in Education Humboldt Park,,Network 9 Total,2619029.67,131,19992.59,ALOP
U66921,Instituto - Justice Lozano,,Charter Schools Network Total,2528392.88,80,31604.91,Charter
U66442,Urban Prep Charter Academy for Young Men High School - Bronzeville Camp,Charter School,Charter Schools Network Total,2243033.68,,,
U66011,Safe Achieve Academy Elementary, Alternative School,Charter Schools Network Total,1642810.2,26,63185.01,SAFE
U66012,Safe Achieve HS,,Charter Schools Network Total,1466416.87,27,54311.74,SAFE
U66441,Urban Prep Academy for Young Men Charter School-Englewood Campus,Charter School,Charter Schools Network Total,1363843.5,126,10824.15,Charter
U10875,Citywide Student Support and Engagement,,College and Career Success Total,250000.0,,,
U10855,Counseling and Postsecondary Advising - City Wide,City Wide,College and Career Success Total,208900.0,,,
U11371,Student Support and Engagement,,College and Career Success Total,50000.0,,,
U66131,Acero Charter Schools - Octavio Paz Campus,Charter School,Charter Schools Network Total,0.0,,,
U66351,ASPIRA Charter-Haugan Middle School Campus,Charter School,Charter Schools Network Total,0.0,,,
U63021,Plato Learning Academy,Contract School,Contract Schools Network Total,0.0,,,
U66134,Acero Charter Schools - Sor Juana Ines de la Cruz,Charter School,Charter Schools Network Total,0.0,,,
U66108,YCCS - ASPIRA Antonia Pantoja Alternative HS,,Charter Schools Network Total,0.0,93,0.0,Charter
U66107,YCCS- McKinley Lakeside Leadership HS,,Charter Schools Network Total,0.0,101,0.0,Charter
U66627,YCCS - West Town Academy Alternative HS,,Charter Schools Network Total,0.0,100,0.0,Charter
U66109,YCCS - Association House El Cuarto Ano HS,,Charter Schools Network Total,0.0,106,0.0,Charter
U66619,YCCS - Latino Youth Alternative HS,,Charter Schools Network Total,0.0,119,0.0,Charter
U66623,YCCS - Sullivan House Alternative HS,,Charter Schools Network Total,0.0,254,0.0,Charter
U66625,YCCS - Truman Middle College HS,,Charter Schools Network Total,0.0,150,0.0,Charter
U49131,Collins STEAM High School,AUSL School,Network 15 Total,0.0,209,0.0,District
U66613,YCCS-Progressive Leadership Academy,,Charter Schools Network Total,0.0,76,0.0,Charter
U63132,Instituto Justice and Leadership Academy Charter HS,,Charter Schools Network Total,0.0,,,
U66612,YCCS - CCA Academy HS,,Charter Schools Network Total,0.0,103,0.0,Charter
U66629,YCCS - Youth Connection Leadership Academy HS,,Charter Schools Network Total,0.0,79,0.0,Charter
U13727,Early College and Career - City Wide,City Wide,College and Career Success Total,0.0,,,
U63161,Little Black Pearl,,Contract Schools Network Total,0.0,,,
U66617,YCCS - Innovations of Arts Integration HS,,Charter Schools Network Total,0.0,326,0.0,Charter
U66615,YCCS - Dr. Pedro Albizu Campos Puerto Rican HS,,Charter Schools Network Total,0.0,187,0.0,Charter
U66614,YCCS - Community Youth Development Institute HS,,Charter Schools Network Total,0.0,117,0.0,Charter
U45211,Chicago Academy Elementary School,AUSL School,Network 1 Total,0.0,550,0.0,District
U66621,YCCS - Olive Harvey Middle College HS,,Charter Schools Network Total,0.0,109,0.0,Charter
U46481,Chicago Academy High School,AUSL School,Network 14 Total,0.0,553,0.0,District
U66628,YCCS-Westside Holistic Leadership Acad HS,,Charter Schools Network Total,0.0,62,0.0,Charter
